Categoria;Família;Código;Produto;Índice;Disponibilidade;Antirrisco;Antirrisco Tingível;Antirreflexo Verde;Antirreflexo Azul;Antirreflexo Premium Verde;Antirreflexo Premium Azul;Preço Base/Grade
Lentes Surfaçadas;Haytek Pro ID;SP50PN;Haytek Pro ID Freeform 1.50 Transitions Gen S Marrom;1.50;Esf. +6.00 a -9.00 / Cil. até -6.00 | Add. 1.00 a 3.50 / Diâm. 80 mm;R$ 4.751,84;R$ 4.831,84;R$ 5.151,84;R$ 5.231,84;R$ 5.631,84;R$ 5.711,84;
Lentes Surfaçadas;Haytek Pro ID;SP50PD;Haytek Pro ID Freeform 1.50 Transitions Gen S Cinza;1.50;Esf. +6.00 a -9.00 / Cil. até -6.00 | Add. 1.00 a 3.50 / Diâm. 80 mm;R$ 4.751,84;R$ 4.831,84;R$ 5.151,84;R$ 5.231,84;R$ 5.631,84;R$ 5.711,84;
Lentes Surfaçadas;Haytek Pro ID;SP56PT;Haytek Pro ID Freeform 1.56;1.56;Esf. +6.00 a -6.00 / Cil. até -6.00 | Add. 0.75 a 3.50 / Diâm. 80 mm;R$ 2.447,84;R$ 2.527,84;R$ 2.847,84;R$ 2.927,84;R$ 3.327,84;R$ 3.407,84;
Lentes Surfaçadas;Haytek Pro ID;SP56PK;Haytek Pro ID Freeform 1.56 Filtro Azul;1.56;Esf. +6.00 a -6.00 / Cil. até -6.00 | Add. 0.75 a 3.50 / Diâm. 80 mm;R$ 2.807,84;R$ 2.887,84;R$ 3.207,84;R$ 3.287,84;R$ 3.687,84;R$ 3.767,84;
Lentes Surfaçadas;Haytek Pro ID;SP56PY;Haytek Pro ID Freeform 1.56 Fotossensível;1.56;Esf. +6.00 a -6.00 / Cil. até -6.00 | Add. 0.75 a 3.50 / Diâm. 80 mm;R$ 3.311,84;R$ 3.391,84;R$ 3.711,84;R$ 3.791,84;R$ 4.191,84;R$ 4.271,84;
Lentes Surfaçadas;Haytek Pro ID;SP56PF;Haytek Pro ID Freeform 1.56 Filtro Azul Fotossensível;1.56;Esf. +6.00 a -6.00 / Cil. até -6.00 | Add. 0.75 a 3.50 / Diâm. 80 mm;R$ 3.671,84;R$ 3.751,84;R$ 4.071,84;R$ 4.151,84;R$ 4.551,84;R$ 4.631,84;
Lentes Surfaçadas;Haytek Pro ID;SP59PT;Haytek Pro ID Freeform 1.59 Poli;1.59;Esf. +6.00 a -8.00 / Cil. até -6.00 | Add. 0.75 a 3.50 / Diâm. 80 mm;R$ 3.023,84;R$ 3.103,84;R$ 3.423,84;R$ 3.503,84;R$ 3.903,84;R$ 3.983,84;
Lentes Surfaçadas;Haytek Pro ID;SP59PK;Haytek Pro ID Freeform 1.59 Poli Filtro Azul;1.59;Esf. +6.00 a -8.00 / Cil. até -6.00 | Add. 0.75 a 3.50 / Diâm. 80 mm;R$ 3.383,84;R$ 3.463,84;R$ 3.783,84;R$ 3.863,84;R$ 4.263,84;R$ 4.343,84;
Lentes Surfaçadas;Haytek Pro ID;SP59PY;Haytek Pro ID Freeform 1.59 Poli Fotossensível;1.59;Esf. +6.00 a -8.00 / Cil. até -6.00 | Add. 0.75 a 3.50 / Diâm. 80 mm;R$ 3.887,84;R$ 3.967,84;R$ 4.287,84;R$ 4.367,84;R$ 4.767,84;R$ 4.847,84;
Lentes Surfaçadas;Haytek Pro ID;SP59PN;Haytek Pro ID Freeform 1.59 Poli Transitions Gen S Marrom;1.59;Esf. +7.00 a -10.00 / Cil. até -6.00 | Add. 1.00 a 3.50 / Diâm. 80 mm;R$ 5.327,84;R$ 5.407,84;R$ 5.727,84;R$ 5.807,84;R$ 6.207,84;R$ 6.287,84;
Lentes Surfaçadas;Haytek Pro ID;SP59PD;Haytek Pro ID Freeform 1.59 Poli Transitions Gen S Cinza;1.59;Esf. +7.00 a -10.00 / Cil. até -6.00 | Add. 1.00 a 3.50 / Diâm. 80 mm;R$ 5.327,84;R$ 5.407,84;R$ 5.727,84;R$ 5.807,84;R$ 6.207,84;R$ 6.287,84;
Lentes Surfaçadas;Haytek Pro ID;SP61PT;Haytek Pro ID Freeform 1.61;1.61;Esf. +8.00 a -12.00 | Cil. até -8.00 | Add. 0.75 a 3.50 | Diâm. até 80 mm;R$ 3.527,84;R$ 3.607,84;R$ 3.927,84;R$ 4.007,84;R$ 4.407,84;R$ 4.487,84;
Lentes Surfaçadas;Haytek Pro ID;SP61PY;Haytek Pro ID Freeform 1.61 Fotossensível;1.61;Esf. +8.00 a -12.00 | Cil. até -8.00 | Add. 0.75 a 3.50 | Diâm. até 80 mm;R$ 4.391,84;R$ 4.471,84;R$ 4.791,84;R$ 4.871,84;R$ 5.271,84;R$ 5.351,84;
Lentes Surfaçadas;Haytek Pro ID;SP67PT;Haytek Pro ID Freeform 1.67;1.67;Esf. +9.00 a -12.00 | Cil. até -8.00 | Add. 0.75 a 3.50 | Diâm. até 80 mm;R$ 3.959,84;R$ 4.039,84;R$ 4.359,84;R$ 4.439,84;R$ 4.839,84;R$ 4.919,84;
Lentes Surfaçadas;Haytek Pro ID;SP67PK;Haytek Pro ID Freeform 1.67 Filtro Azul;1.67;Esf. +9.00 a -12.00 | Cil. até -8.00 | Add. 0.75 a 3.50 | Diâm. até 80 mm;R$ 4.319,84;R$ 4.399,84;R$ 4.719,84;R$ 4.799,84;R$ 5.199,84;R$ 5.279,84;
Lentes Surfaçadas;Haytek Pro ID;SP67PY;Haytek Pro ID Freeform 1.67 Fotossensível;1.67;Esf. +9.00 a -12.00 | Cil. até -8.00 | Add. 0.75 a 3.50 | Diâm. até 80 mm;R$ 4.823,84;R$ 4.903,84;R$ 5.223,84;R$ 5.303,84;R$ 5.703,84;R$ 5.783,84;
Lentes Surfaçadas;Haytek Pro ID;SP67PN;Haytek Pro ID Freeform 1.67 Transitions Gen S Marrom;1.67;Esf. +9.00 a -11.00 / Cil. até -6.00 | Add. 1.00 a 3.50 / Diâm. 80 mm;R$ 9.863,84;R$ 9.943,84;R$ 10.263,84;R$ 10.343,84;R$ 10.743,84;R$ 10.823,84;
Lentes Surfaçadas;Haytek Pro ID;SP67PD;Haytek Pro ID Freeform 1.67 Transitions Gen S Cinza;1.67;Esf. +9.00 a -11.00 / Cil. até -6.00 | Add. 1.00 a 3.50 / Diâm. 80 mm;R$ 9.863,84;R$ 9.943,84;R$ 10.263,84;R$ 10.343,84;R$ 10.743,84;R$ 10.823,84;
Lentes Surfaçadas;Haytek Pro ID;SP74PK;Haytek Pro ID Freeform 1.74 Filtro Azul;1.74;Esf. +14.00 a -16.00 | Cil. até -8.00 | Add. 0.75 a 3.50 | Diâm. até 80 mm;R$ 5.687,84;R$ 5.767,84;R$ 6.087,84;R$ 6.167,84;R$ 6.567,84;R$ 6.647,84;
Lentes Surfaçadas;Haytek Pro ID;SP74PF;Haytek Pro ID Freeform 1.74 Filtro Azul Fotossensível;1.74;Esf. +14.00 a -16.00 | Cil. até -8.00 | Add. 0.75 a 3.50 | Diâm. até 80 mm;R$ 7.415,84;R$ 7.495,84;R$ 7.815,84;R$ 7.895,84;R$ 8.295,84;R$ 8.375,84;
Lentes Surfaçadas;Haytek Top;SP50TD;Haytek Top Freeform 1.50 Transitions Gen S Cinza;1.50;Esf. +6.00 a -9.00 / Cil. até -6.00 | Add. 1.00 a 3.50 / Diâm. 80 mm;R$ 4.175,84;R$ 4.255,84;R$ 4.575,84;R$ 4.655,84;R$ 5.055,84;R$ 5.135,84;
Lentes Surfaçadas;Haytek Top;SP50TN;Haytek Top Freeform 1.50 Transitions Gen S Marrom;1.50;Esf. +6.00 a -9.00 / Cil. até -6.00 | Add. 1.00 a 3.50 / Diâm. 80 mm;R$ 4.175,84;R$ 4.255,84;R$ 4.575,84;R$ 4.655,84;R$ 5.055,84;R$ 5.135,84;
Lentes Surfaçadas;Haytek Top;SP56TT;Haytek Top Freeform 1.56;1.56;Esf. +6.00 a -6.00 / Cil. até -6.00 | Add. 0.75 a 3.50 / Diâm. 80 mm;R$ 1.871,84;R$ 1.951,84;R$ 2.271,84;R$ 2.351,84;R$ 2.751,84;R$ 2.831,84;
Lentes Surfaçadas;Haytek Top;SP56TK;Haytek Top Freeform 1.56 Filtro Azul;1.56;Esf. +6.00 a -6.00 / Cil. até -6.00 | Add. 0.75 a 3.50 / Diâm. 80 mm;R$ 2.231,84;R$ 2.311,84;R$ 2.631,84;R$ 2.711,84;R$ 3.111,84;R$ 3.191,84;
Lentes Surfaçadas;Haytek Top;SP56TY;Haytek Top Freeform 1.56 Fotossensível;1.56;Esf. +6.00 a -6.00 / Cil. até -6.00 | Add. 0.75 a 3.50 / Diâm. 80 mm;R$ 2.735,84;R$ 2.815,84;R$ 3.135,84;R$ 3.215,84;R$ 3.615,84;R$ 3.695,84;
Lentes Surfaçadas;Haytek Top;SP56TF;Haytek Top Freeform 1.56 Filtro Azul Fotossensível;1.56;Esf. +6.00 a -6.00 / Cil. até -6.00 | Add. 0.75 a 3.50 / Diâm. 80 mm;R$ 3.095,84;R$ 3.175,84;R$ 3.495,84;R$ 3.575,84;R$ 3.975,84;R$ 4.055,84;
Lentes Surfaçadas;Haytek Top;SP59TT;Haytek Top Freeform 1.59 Poli;1.59;Esf. +6.00 a -8.00 / Cil. até -6.00 | Add. 0.75 a 3.50 / Diâm. 80 mm;R$ 2.447,84;R$ 2.527,84;R$ 2.847,84;R$ 2.927,84;R$ 3.327,84;R$ 3.407,84;
Lentes Surfaçadas;Haytek Top;SP59TK;Haytek Top Freeform 1.59 Poli Filtro Azul;1.59;Esf. +6.00 a -8.00 / Cil. até -6.00 | Add. 0.75 a 3.50 / Diâm. 80 mm;R$ 2.807,84;R$ 2.887,84;R$ 3.207,84;R$ 3.287,84;R$ 3.687,84;R$ 3.767,84;
Lentes Surfaçadas;Haytek Top;SP59TY;Haytek Top Freeform 1.59 Poli Fotossensível;1.59;Esf. +6.00 a -8.00 / Cil. até -6.00 | Add. 0.75 a 3.50 / Diâm. 80 mm;R$ 3.311,84;R$ 3.391,84;R$ 3.711,84;R$ 3.791,84;R$ 4.191,84;R$ 4.271,84;
Lentes Surfaçadas;Haytek Top;SP59TD;Haytek Top Freeform 1.59 Poli Transitions Gen S Cinza;1.59;Esf. +7.00 a -10.00 / Cil. até -6.00 | Add. 1.00 a 3.50 / Diâm. 80 mm;R$ 4.751,84;R$ 4.831,84;R$ 5.151,84;R$ 5.231,84;R$ 5.631,84;R$ 5.711,84;
Lentes Surfaçadas;Haytek Top;SP59TN;Haytek Top Freeform 1.59 Poli Transitions Gen S Marrom;1.59;Esf. +7.00 a -10.00 / Cil. até -6.00 | Add. 1.00 a 3.50 / Diâm. 80 mm;R$ 4.751,84;R$ 4.831,84;R$ 5.151,84;R$ 5.231,84;R$ 5.631,84;R$ 5.711,84;
Lentes Surfaçadas;Haytek Top;SP61TT;Haytek Top Freeform 1.61;1.61;Esf. +8.00 a -12.00 | Cil. até -8.00 | Add. 0.75 a 3.50 | Diâm. até 80 mm;R$ 2.951,84;R$ 3.031,84;R$ 3.351,84;R$ 3.431,84;R$ 3.831,84;R$ 3.911,84;
Lentes Surfaçadas;Haytek Top;SP61TY;Haytek Top Freeform 1.61 Fotossensível;1.61;Esf. +8.00 a -12.00 | Cil. até -8.00 | Add. 0.75 a 3.50 | Diâm. até 80 mm;R$ 3.815,84;R$ 3.895,84;R$ 4.215,84;R$ 4.295,84;R$ 4.695,84;R$ 4.775,84;
Lentes Surfaçadas;Haytek Top;SP67TT;Haytek Top Freeform 1.67;1.67;Esf. +9.00 a -12.00 | Cil. até -8.00 | Add. 0.75 a 3.50 | Diâm. até 80 mm;R$ 3.383,84;R$ 3.463,84;R$ 3.783,84;R$ 3.863,84;R$ 4.263,84;R$ 4.343,84;
Lentes Surfaçadas;Haytek Top;SP67TK;Haytek Top Freeform 1.67 Filtro Azul;1.67;Esf. +9.00 a -12.00 | Cil. até -8.00 | Add. 0.75 a 3.50 | Diâm. até 80 mm;R$ 3.743,84;R$ 3.823,84;R$ 4.143,84;R$ 4.223,84;R$ 4.623,84;R$ 4.703,84;
Lentes Surfaçadas;Haytek Top;SP67TY;Haytek Top Freeform 1.67 Fotossensível;1.67;Esf. +9.00 a -12.00 | Cil. até -8.00 | Add. 0.75 a 3.50 | Diâm. até 80 mm;R$ 4.247,84;R$ 4.327,84;R$ 4.647,84;R$ 4.727,84;R$ 5.127,84;R$ 5.207,84;
Lentes Surfaçadas;Haytek Top;SP67TD;Haytek Top Freeform 1.67 Transitions Gen S Cinza;1.67;Esf. +9.00 a -11.00 / Cil. até -6.00 | Add. 1.00 a 3.50 / Diâm. 80 mm;R$ 9.287,84;R$ 9.367,84;R$ 9.687,84;R$ 9.767,84;R$ 10.167,84;R$ 10.247,84;
Lentes Surfaçadas;Haytek Top;SP67TN;Haytek Top Freeform 1.67 Transitions Gen S Marrom;1.67;Esf. +9.00 a -11.00 / Cil. até -6.00 | Add. 1.00 a 3.50 / Diâm. 80 mm;R$ 9.287,84;R$ 9.367,84;R$ 9.687,84;R$ 9.767,84;R$ 10.167,84;R$ 10.247,84;
Lentes Surfaçadas;Haytek Top;SP74TK;Haytek Top Freeform 1.74 Filtro Azul;1.74;Esf. +14.00 a -16.00 | Cil. até -8.00 | Add. 0.75 a 3.50 | Diâm. até 80 mm;R$ 5.111,84;R$ 5.191,84;R$ 5.511,84;R$ 5.591,84;R$ 5.991,84;R$ 6.071,84;
Lentes Surfaçadas;Haytek Top;SP74TF;Haytek Top Freeform 1.74 Filtro Azul Fotossensível;1.74;Esf. +14.00 a -16.00 | Cil. até -8.00 | Add. 0.75 a 3.50 | Diâm. até 80 mm;R$ 6.839,84;R$ 6.919,84;R$ 7.239,84;R$ 7.319,84;R$ 7.719,84;R$ 7.799,84;
Lentes Surfaçadas;Haytek Smart;SP50SD;Haytek Smart Freeform 1.50 Transitions Gen S Cinza;1.50;Esf. +6.00 a -9.00 / Cil. até -6.00 | Add. 1.00 a 3.50 / Diâm. 80 mm;R$ 3.527,84;R$ 3.607,84;R$ 3.927,84;R$ 4.007,84;R$ 4.407,84;R$ 4.487,84;
Lentes Surfaçadas;Haytek Smart;SP50SN;Haytek Smart Freeform 1.50 Transitions Gen S Marrom;1.50;Esf. +6.00 a -9.00 / Cil. até -6.00 | Add. 1.00 a 3.50 / Diâm. 80 mm;R$ 3.527,84;R$ 3.607,84;R$ 3.927,84;R$ 4.007,84;R$ 4.407,84;R$ 4.487,84;
Lentes Surfaçadas;Haytek Smart;SP56ST;Haytek Smart Freeform 1.56;1.56;Esf. +6.00 a -6.00 / Cil. até -6.00 | Add. 0.75 a 3.50 / Diâm. 80 mm;R$ 1.223,84;R$ 1.303,84;R$ 1.623,84;R$ 1.703,84;R$ 2.103,84;R$ 2.183,84;
Lentes Surfaçadas;Haytek Smart;SP56SK;Haytek Smart Freeform 1.56 Filtro Azul;1.56;Esf. +6.00 a -6.00 / Cil. até -6.00 | Add. 0.75 a 3.50 / Diâm. 80 mm;R$ 1.583,84;R$ 1.663,84;R$ 1.983,84;R$ 2.063,84;R$ 2.463,84;R$ 2.543,84;
Lentes Surfaçadas;Haytek Smart;SP56SY;Haytek Smart Freeform 1.56 Fotossensível;1.56;Esf. +6.00 a -6.00 / Cil. até -6.00 | Add. 0.75 a 3.50 / Diâm. 80 mm;R$ 2.087,84;R$ 2.167,84;R$ 2.487,84;R$ 2.567,84;R$ 2.967,84;R$ 3.047,84;
Lentes Surfaçadas;Haytek Smart;SP56SF;Haytek Smart Freeform 1.56 Filtro Azul Fotossensível;1.56;Esf. +6.00 a -6.00 / Cil. até -6.00 | Add. 0.75 a 3.50 / Diâm. 80 mm;R$ 2.447,84;R$ 2.527,84;R$ 2.847,84;R$ 2.927,84;R$ 3.327,84;R$ 3.407,84;
Lentes Surfaçadas;Haytek Smart;SP59ST;Haytek Smart Freeform 1.59 Poli;1.59;Esf. +6.00 a -8.00 / Cil. até -6.00 | Add. 0.75 a 3.50 / Diâm. 80 mm;R$ 1.799,84;R$ 1.879,84;R$ 2.199,84;R$ 2.279,84;R$ 2.679,84;R$ 2.759,84;
Lentes Surfaçadas;Haytek Smart;SP59SK;Haytek Smart Freeform 1.59 Poli Filtro Azul;1.59;Esf. +6.00 a -8.00 / Cil. até -6.00 | Add. 0.75 a 3.50 / Diâm. 80 mm;R$ 2.159,84;R$ 2.239,84;R$ 2.559,84;R$ 2.639,84;R$ 3.039,84;R$ 3.119,84;
Lentes Surfaçadas;Haytek Smart;SP59SY;Haytek Smart Freeform 1.59 Poli Fotossensível;1.59;Esf. +6.00 a -8.00 / Cil. até -6.00 | Add. 0.75 a 3.50 / Diâm. 80 mm;R$ 2.663,84;R$ 2.743,84;R$ 3.063,84;R$ 3.143,84;R$ 3.543,84;R$ 3.623,84;
Lentes Surfaçadas;Haytek Smart;SP59SD;Haytek Smart Freeform 1.59 Poli Transitions Gen S Cinza;1.59;Esf. +7.00 a -10.00 / Cil. até -6.00 | Add. 1.00 a 3.50 / Diâm. 80 mm;R$ 4.103,84;R$ 4.183,84;R$ 4.503,84;R$ 4.583,84;R$ 4.983,84;R$ 5.063,84;
Lentes Surfaçadas;Haytek Smart;SP59SN;Haytek Smart Freeform 1.59 Poli Transitions Gen S Marrom;1.59;Esf. +7.00 a -10.00 / Cil. até -6.00 | Add. 1.00 a 3.50 / Diâm. 80 mm;R$ 4.103,84;R$ 4.183,84;R$ 4.503,84;R$ 4.583,84;R$ 4.983,84;R$ 5.063,84;
Lentes Surfaçadas;Haytek Smart;SP61ST;Haytek Smart Freeform 1.61;1.61;Esf. +8.00 a -12.00 | Cil. até -8.00 | Add. 0.75 a 3.50 | Diâm. até 80 mm;R$ 2.303,84;R$ 2.383,84;R$ 2.703,84;R$ 2.783,84;R$ 3.183,84;R$ 3.263,84;
Lentes Surfaçadas;Haytek Smart;SP61SY;Haytek Smart Freeform 1.61 Fotossensível;1.61;Esf. +8.00 a -12.00 | Cil. até -8.00 | Add. 0.75 a 3.50 | Diâm. até 80 mm;R$ 3.167,84;R$ 3.247,84;R$ 3.567,84;R$ 3.647,84;R$ 4.047,84;R$ 4.127,84;
Lentes Surfaçadas;Haytek Smart;SP67ST;Haytek Smart Freeform 1.67;1.67;Esf. +9.00 a -12.00 | Cil. até -8.00 | Add. 0.75 a 3.50 | Diâm. até 80 mm;R$ 2.735,84;R$ 2.815,84;R$ 3.135,84;R$ 3.215,84;R$ 3.615,84;R$ 3.695,84;
Lentes Surfaçadas;Haytek Smart;SP67SK;Haytek Smart Freeform 1.67 Filtro Azul;1.67;Esf. +9.00 a -12.00 | Cil. até -8.00 | Add. 0.75 a 3.50 | Diâm. até 80 mm;R$ 3.095,84;R$ 3.175,84;R$ 3.495,84;R$ 3.575,84;R$ 3.975,84;R$ 4.055,84;
Lentes Surfaçadas;Haytek Smart;SP67SY;Haytek Smart Freeform 1.67 Fotossensível;1.67;Esf. +9.00 a -12.00 | Cil. até -8.00 | Add. 0.75 a 3.50 | Diâm. até 80 mm;R$ 3.599,84;R$ 3.679,84;R$ 3.999,84;R$ 4.079,84;R$ 4.479,84;R$ 4.559,84;
Lentes Surfaçadas;Haytek Smart;SP67SN;Haytek Smart Freeform 1.67 Transitions Gen S Marrom;1.67;Esf. +9.00 a -11.00 / Cil. até -6.00 | Add. 1.00 a 3.50 / Diâm. 80 mm;R$ 8.639,84;R$ 8.719,84;R$ 9.039,84;R$ 9.119,84;R$ 9.519,84;R$ 9.599,84;
Lentes Surfaçadas;Haytek Smart;SP67SD;Haytek Smart Freeform 1.67 Transitions Gen S Cinza;1.67;Esf. +9.00 a -11.00 / Cil. até -6.00 | Add. 1.00 a 3.50 / Diâm. 80 mm;R$ 8.639,84;R$ 8.719,84;R$ 9.039,84;R$ 9.119,84;R$ 9.519,84;R$ 9.599,84;
Lentes Surfaçadas;Haytek Smart;SP74SK;Haytek Smart Freeform 1.74 Filtro Azul;1.74;Esf. +14.00 a -16.00 | Cil. até -8.00 | Add. 0.75 a 3.50 | Diâm. até 80 mm;R$ 4.463,84;R$ 4.543,84;R$ 4.863,84;R$ 4.943,84;R$ 5.343,84;R$ 5.423,84;
Lentes Surfaçadas;Haytek Smart;SP74SF;Haytek Smart Freeform 1.74 Filtro Azul Fotossensível;1.74;Esf. +14.00 a -16.00 | Cil. até -8.00 | Add. 0.75 a 3.50 | Diâm. até 80 mm;R$ 6.191,84;R$ 6.271,84;R$ 6.591,84;R$ 6.671,84;R$ 7.071,84;R$ 7.151,84;
Lentes Surfaçadas;Haytek Light;SP50LD;Haytek Light Freeform 1.50 Transitions Gen S Cinza;1.50;Esf. +6.00 a -9.00 / Cil. até -6.00 | Add. 1.00 a 3.50 / Diâm. 80 mm;R$ 3.095,84;R$ 3.175,84;R$ 3.495,84;R$ 3.575,84;R$ 3.975,84;R$ 4.055,84;
Lentes Surfaçadas;Haytek Light;SP50LN;Haytek Light Freeform 1.50 Transitions Gen S Marrom;1.50;Esf. +6.00 a -9.00 / Cil. até -6.00 | Add. 1.00 a 3.50 / Diâm. 80 mm;R$ 3.095,84;R$ 3.175,84;R$ 3.495,84;R$ 3.575,84;R$ 3.975,84;R$ 4.055,84;
Lentes Surfaçadas;Haytek Light;SP56LT;Haytek Light Freeform 1.56;1.56;Esf. +6.00 a -6.00 / Cil. até -4.00 | Add. 0.75 a 3.50 / Diâm. 80 mm;R$ 791,84;R$ 871,84;R$ 1.191,84;R$ 1.271,84;R$ 1.671,84;R$ 1.751,84;
Lentes Surfaçadas;Haytek Light;SP56LK;Haytek Light Freeform 1.56 Filtro Azul;1.56;Esf. +6.00 a -6.00 / Cil. até -4.00 | Add. 0.75 a 3.50 / Diâm. 80 mm;R$ 1.151,84;R$ 1.231,84;R$ 1.551,84;R$ 1.631,84;R$ 2.031,84;R$ 2.111,84;
Lentes Surfaçadas;Haytek Light;SP56LY;Haytek Light Freeform 1.56 Fotossensível;1.56;Esf. +6.00 a -6.00 / Cil. até -4.00 | Add. 0.75 a 3.50 / Diâm. 80 mm;R$ 1.655,84;R$ 1.735,84;R$ 2.055,84;R$ 2.135,84;R$ 2.535,84;R$ 2.615,84;
Lentes Surfaçadas;Haytek Light;SP56LF;Haytek Light Freeform 1.56 Filtro Azul Fotossensível;1.56;Esf. +6.00 a -6.00 / Cil. até -4.00 | Add. 0.75 a 3.50 / Diâm. 80 mm;R$ 2.015,84;R$ 2.095,84;R$ 2.415,84;R$ 2.495,84;R$ 2.895,84;R$ 2.975,84;
Lentes Surfaçadas;Haytek Light;SP59LT;Haytek Light Freeform 1.59 Poli;1.59;Esf. +6.00 a -6.00 / Cil. até -4.00 | Add. 0.75 a 3.50 / Diâm. 80 mm;R$ 1.367,84;R$ 1.447,84;R$ 1.767,84;R$ 1.847,84;R$ 2.247,84;R$ 2.327,84;
Lentes Surfaçadas;Haytek Light;SP59LK;Haytek Light Freeform 1.59 Poli Filtro Azul;1.59;Esf. +6.00 a -6.00 / Cil. até -4.00 | Add. 0.75 a 3.50 / Diâm. 80 mm;R$ 1.727,84;R$ 1.807,84;R$ 2.127,84;R$ 2.207,84;R$ 2.607,84;R$ 2.687,84;
Lentes Surfaçadas;Haytek Light;SP59LY;Haytek Light Freeform 1.59 Poli Fotossensível;1.59;Esf. +6.00 a -6.00 / Cil. até -4.00 | Add. 0.75 a 3.50 / Diâm. 80 mm;R$ 2.231,84;R$ 2.311,84;R$ 2.631,84;R$ 2.711,84;R$ 3.111,84;R$ 3.191,84;
Lentes Surfaçadas;Haytek Light;SP59LN;Haytek Light Freeform 1.59 Poli Transitions Gen S Marrom;1.59;Esf. +7.00 a -10.00 / Cil. até -6.00 | Add. 1.00 a 3.50 / Diâm. 80 mm;R$ 3.671,84;R$ 3.751,84;R$ 4.071,84;R$ 4.151,84;R$ 4.551,84;R$ 4.631,84;
Lentes Surfaçadas;Haytek Light;SP59LD;Haytek Light Freeform 1.59 Poli Transitions Gen S Cinza;1.59;Esf. +7.00 a -10.00 / Cil. até -6.00 | Add. 1.00 a 3.50 / Diâm. 80 mm;R$ 3.671,84;R$ 3.751,84;R$ 4.071,84;R$ 4.151,84;R$ 4.551,84;R$ 4.631,84;
Lentes Surfaçadas;Haytek Light;SP61LT;Haytek Light Freeform 1.61;1.61;Esf. +6.00 a -6.00 / Cil. até -4.00 | Add. 0.75 a 3.50 / Diâm. 80 mm;R$ 1.871,84;R$ 1.951,84;R$ 2.271,84;R$ 2.351,84;R$ 2.751,84;R$ 2.831,84;
Lentes Surfaçadas;Haytek Light;SP61LY;Haytek Light Freeform 1.61 Fotossensível;1.61;Esf. +6.00 a -6.00 / Cil. até -4.00 | Add. 0.75 a 3.50 / Diâm. 80 mm;R$ 2.735,84;R$ 2.815,84;R$ 3.135,84;R$ 3.215,84;R$ 3.615,84;R$ 3.695,84;
Lentes Surfaçadas;Haytek Light;SP67LT;Haytek Light Freeform 1.67;1.67;Esf. +6.00 a -10.00 / Cil. até -4.00 | Add. 0.75 a 3.50 / Diâm. 80 mm;R$ 2.303,84;R$ 2.383,84;R$ 2.703,84;R$ 2.783,84;R$ 3.183,84;R$ 3.263,84;
Lentes Surfaçadas;Haytek Light;SP67LK;Haytek Light Freeform 1.67 Filtro Azul;1.67;Esf. +6.00 a -10.00 / Cil. até -4.00 | Add. 0.75 a 3.50 / Diâm. 80 mm;R$ 2.663,84;R$ 2.743,84;R$ 3.063,84;R$ 3.143,84;R$ 3.543,84;R$ 3.623,84;
Lentes Surfaçadas;Haytek Light;SP67LY;Haytek Light Freeform 1.67 Fotossensível;1.67;Esf. +6.00 a -10.00 / Cil. até -4.00 | Add. 0.75 a 3.50 / Diâm. 80 mm;R$ 3.167,84;R$ 3.247,84;R$ 3.567,84;R$ 3.647,84;R$ 4.047,84;R$ 4.127,84;
Lentes Surfaçadas;Haytek Light;SP67LD;Haytek Light Freeform 1.67 Transitions Gen S Cinza;1.67;Esf. +9.00 a -11.00 / Cil. até -6.00 | Add. 1.00 a 3.50 / Diâm. 80 mm;R$ 8.207,84;R$ 8.287,84;R$ 8.607,84;R$ 8.687,84;R$ 9.087,84;R$ 9.167,84;
Lentes Surfaçadas;Haytek Light;SP67LN;Haytek Light Freeform 1.67 Transitions Gen S Marrom;1.67;Esf. +9.00 a -11.00 / Cil. até -6.00 | Add. 1.00 a 3.50 / Diâm. 80 mm;R$ 8.207,84;R$ 8.287,84;R$ 8.607,84;R$ 8.687,84;R$ 9.087,84;R$ 9.167,84;
Lentes Surfaçadas;Haytek Light;SP74LK;Haytek Light Freeform 1.74 Filtro Azul;1.74;Esf. +8.00 a -12.00 / Cil. até -4.00 | Add. 0.75 a 3.50 / Diâm. 80 mm;R$ 4.031,84;R$ 4.111,84;R$ 4.431,84;R$ 4.511,84;R$ 4.911,84;R$ 4.991,84;
Lentes Surfaçadas;Haytek Light;SP74LF;Haytek Light Freeform 1.74 Filtro Azul Fotossensível;1.74;Esf. +8.00 a -12.00 / Cil. até -4.00 | Add. 0.75 a 3.50 / Diâm. 80 mm;R$ 5.759,84;R$ 5.839,84;R$ 6.159,84;R$ 6.239,84;R$ 6.639,84;R$ 6.719,84;
Lentes Surfaçadas;Haytek Go!;SP50GD;Haytek Go! Freeform 1.50 Transitions Gen S Cinza;1.50;Esf. +6.00 a -9.00 / Cil. até -6.00 | Add. 1.00 a 3.50 / Diâm. 80 mm;R$ 3.063,84;R$ 3.103,84;R$ 3.183,84;R$ 3.263,84;R$ 3.663,84;R$ 3.743,84;
Lentes Surfaçadas;Haytek Go!;SP50GN;Haytek Go! Freeform 1.50 Transitions Gen S Marrom;1.50;Esf. +6.00 a -9.00 / Cil. até -6.00 | Add. 1.00 a 3.50 / Diâm. 80 mm;R$ 3.063,84;R$ 3.103,84;R$ 3.183,84;R$ 3.263,84;R$ 3.663,84;R$ 3.743,84;
Lentes Surfaçadas;Haytek Go!;SP56GT;Haytek Go! Freeform 1.56;1.56;Esf. +6.00 a -6.00 / Cil. até -4.00 | Add. 0.75 a 3.50 / Diâm. 80 mm;R$ 759,84;R$ 799,84;R$ 879,84;R$ 959,84;R$ 1.359,84;R$ 1.439,84;
Lentes Surfaçadas;Haytek Go!;SP56GK;Haytek Go! Freeform 1.56 Filtro Azul;1.56;Esf. +6.00 a -6.00 / Cil. até -4.00 | Add. 0.75 a 3.50 / Diâm. 80 mm;R$ 1.119,84;R$ 1.159,84;R$ 1.239,84;R$ 1.319,84;R$ 1.719,84;R$ 1.799,84;
Lentes Surfaçadas;Haytek Go!;SP56GY;Haytek Go! Freeform 1.56 Fotossensível;1.56;Esf. +6.00 a -6.00 / Cil. até -4.00 | Add. 0.75 a 3.50 / Diâm. 80 mm;R$ 1.623,84;R$ 1.663,84;R$ 1.743,84;R$ 1.823,84;R$ 2.223,84;R$ 2.303,84;
Lentes Surfaçadas;Haytek Go!;SP56GF;Haytek Go! Freeform 1.56 Filtro Azul Fotossensível;1.56;Esf. +6.00 a -6.00 / Cil. até -4.00 | Add. 0.75 a 3.50 / Diâm. 80 mm;R$ 1.983,84;R$ 2.023,84;R$ 2.103,84;R$ 2.183,84;R$ 2.583,84;R$ 2.663,84;
Lentes Surfaçadas;Haytek Go!;SP59GT;Haytek Go! Freeform 1.59 Poli;1.59;Esf. +6.00 a -6.00 / Cil. até -4.00 | Add. 0.75 a 3.50 / Diâm. 80 mm;R$ 1.335,84;R$ 1.375,84;R$ 1.455,84;R$ 1.535,84;R$ 1.935,84;R$ 2.015,84;
Lentes Surfaçadas;Haytek Go!;SP59GK;Haytek Go! Freeform 1.59 Poli Filtro Azul;1.59;Esf. +6.00 a -6.00 / Cil. até -4.00 | Add. 0.75 a 3.50 / Diâm. 80 mm;R$ 1.695,84;R$ 1.735,84;R$ 1.815,84;R$ 1.895,84;R$ 2.295,84;R$ 2.375,84;
Lentes Surfaçadas;Haytek Go!;SP59GY;Haytek Go! Freeform 1.59 Poli Fotossensível;1.59;Esf. +6.00 a -6.00 / Cil. até -4.00 | Add. 0.75 a 3.50 / Diâm. 80 mm;R$ 2.199,84;R$ 2.239,84;R$ 2.319,84;R$ 2.399,84;R$ 2.799,84;R$ 2.879,84;
Lentes Surfaçadas;Haytek Go!;SP59GD;Haytek Go! Freeform 1.59 Poli Transitions Gen S Cinza;1.59;Esf. +7.00 a -10.00 / Cil. até -6.00 | Add. 1.00 a 3.50 / Diâm. 80 mm;R$ 3.639,84;R$ 3.679,84;R$ 3.759,84;R$ 3.839,84;R$ 4.239,84;R$ 4.319,84;
Lentes Surfaçadas;Haytek Go!;SP59GN;Haytek Go! Freeform 1.59 Poli Transitions Gen S Marrom;1.59;Esf. +7.00 a -10.00 / Cil. até -6.00 | Add. 1.00 a 3.50 / Diâm. 80 mm;R$ 3.639,84;R$ 3.679,84;R$ 3.759,84;R$ 3.839,84;R$ 4.239,84;R$ 4.319,84;
Lentes Surfaçadas;Haytek Go!;SP61GT;Haytek Go! Freeform 1.61;1.61;Esf. +6.00 a -6.00 / Cil. até -4.00 | Add. 0.75 a 3.50 / Diâm. 80 mm;R$ 1.839,84;R$ 1.879,84;R$ 1.959,84;R$ 2.039,84;R$ 2.439,84;R$ 2.519,84;
Lentes Surfaçadas;Haytek Go!;SP61GY;Haytek Go! Freeform 1.61 Fotossensível;1.61;Esf. +6.00 a -6.00 / Cil. até -4.00 | Add. 0.75 a 3.50 / Diâm. 80 mm;R$ 2.703,84;R$ 2.743,84;R$ 2.823,84;R$ 2.903,84;R$ 3.303,84;R$ 3.383,84;
Lentes Surfaçadas;Haytek Go!;SP67GT;Haytek Go! Freeform 1.67;1.67;Esf. +6.00 a -10.00 / Cil. até -4.00 | Add. 0.75 a 3.50 / Diâm. 80 mm;R$ 2.271,84;R$ 2.311,84;R$ 2.391,84;R$ 2.471,84;R$ 2.871,84;R$ 2.951,84;
Lentes Surfaçadas;Haytek Go!;SP67GK;Haytek Go! Freeform 1.67 Filtro Azul;1.67;Esf. +6.00 a -10.00 / Cil. até -4.00 | Add. 0.75 a 3.50 / Diâm. 80 mm;R$ 2.631,84;R$ 2.671,84;R$ 2.751,84;R$ 2.831,84;R$ 3.231,84;R$ 3.311,84;
Lentes Surfaçadas;Haytek Go!;SP67GY;Haytek Go! Freeform 1.67 Fotossensível;1.67;Esf. +6.00 a -10.00 / Cil. até -4.00 | Add. 0.75 a 3.50 / Diâm. 80 mm;R$ 3.135,84;R$ 3.175,84;R$ 3.255,84;R$ 3.335,84;R$ 3.735,84;R$ 3.815,84;
Lentes Surfaçadas;Haytek Go!;SP67GD;Haytek Go! Freeform 1.67 Transitions Gen S Cinza;1.67;Esf. +9.00 a -11.00 / Cil. até -6.00 | Add. 1.00 a 3.50 / Diâm. 80 mm;R$ 8.175,84;R$ 8.215,84;R$ 8.295,84;R$ 8.375,84;R$ 8.775,84;R$ 8.855,84;
Lentes Surfaçadas;Haytek Go!;SP67GN;Haytek Go! Freeform 1.67 Transitions Gen S Marrom;1.67;Esf. +9.00 a -11.00 / Cil. até -6.00 | Add. 1.00 a 3.50 / Diâm. 80 mm;R$ 8.175,84;R$ 8.215,84;R$ 8.295,84;R$ 8.375,84;R$ 8.775,84;R$ 8.855,84;
Lentes Surfaçadas;Haytek Go!;SP74GK;Haytek Go! Freeform 1.74 Filtro Azul;1.74;Esf. +8.00 a -12.00 / Cil. até -4.00 | Add. 0.75 a 3.50 / Diâm. 80 mm;R$ 3.999,84;R$ 4.039,84;R$ 4.119,84;R$ 4.199,84;R$ 4.599,84;R$ 4.679,84;
Lentes Surfaçadas;Haytek Go!;SP74GF;Haytek Go! Freeform 1.74 Filtro Azul Fotossensível;1.74;Esf. +8.00 a -12.00 / Cil. até -4.00 | Add. 0.75 a 3.50 / Diâm. 80 mm;R$ 5.727,84;R$ 5.767,84;R$ 5.847,84;R$ 5.927,84;R$ 6.327,84;R$ 6.407,84;
Lentes Surfaçadas;Haytek Drive;SO50DN;Haytek Drive Freeform 1.50 Transitions Gen S Marrom;1.50;Esf. +6.00 a -9.00 / Cil. até -6.00 | Add. 1.00 a 3.50 / Diâm. 80 mm;R$ 3.527,84;R$ 3.607,84;R$ 3.927,84;R$ 4.007,84;R$ 4.407,84;R$ 4.487,84;
Lentes Surfaçadas;Haytek Drive;SO50DD;Haytek Drive Freeform 1.50 Transitions Gen S Cinza;1.50;Esf. +6.00 a -9.00 / Cil. até -6.00 | Add. 1.00 a 3.50 / Diâm. 80 mm;R$ 3.527,84;R$ 3.607,84;R$ 3.927,84;R$ 4.007,84;R$ 4.407,84;R$ 4.487,84;
Lentes Surfaçadas;Haytek Drive;SO56DT;Haytek Drive Freeform 1.56;1.56;Esf. +6.00 a -6.00 / Cil. até -6.00 | Add. 0.75 a 3.50 / Diâm. 80 mm;R$ 1.223,84;R$ 1.303,84;R$ 1.623,84;R$ 1.703,84;R$ 2.103,84;R$ 2.183,84;
Lentes Surfaçadas;Haytek Drive;SO56DK;Haytek Drive Freeform 1.56 Filtro Azul;1.56;Esf. +6.00 a -6.00 / Cil. até -6.00 | Add. 0.75 a 3.50 / Diâm. 80 mm;R$ 1.583,84;R$ 1.663,84;R$ 1.983,84;R$ 2.063,84;R$ 2.463,84;R$ 2.543,84;
Lentes Surfaçadas;Haytek Drive;SO56DY;Haytek Drive Freeform 1.56 Fotossensível;1.56;Esf. +6.00 a -6.00 / Cil. até -6.00 | Add. 0.75 a 3.50 / Diâm. 80 mm;R$ 2.087,84;R$ 2.167,84;R$ 2.487,84;R$ 2.567,84;R$ 2.967,84;R$ 3.047,84;
Lentes Surfaçadas;Haytek Drive;SO56DF;Haytek Drive Freeform 1.56 Filtro Azul Fotossensível;1.56;Esf. +6.00 a -6.00 / Cil. até -6.00 | Add. 0.75 a 3.50 / Diâm. 80 mm;R$ 2.447,84;R$ 2.527,84;R$ 2.847,84;R$ 2.927,84;R$ 3.327,84;R$ 3.407,84;
Lentes Surfaçadas;Haytek Drive;SO59DT;Haytek Drive Freeform 1.59 Poli;1.59;Esf. +6.00 a -8.00 / Cil. até -6.00 | Add. 0.75 a 3.50 / Diâm. 80 mm;R$ 1.799,84;R$ 1.879,84;R$ 2.199,84;R$ 2.279,84;R$ 2.679,84;R$ 2.759,84;
Lentes Surfaçadas;Haytek Drive;SO59DK;Haytek Drive Freeform 1.59 Poli Filtro Azul;1.59;Esf. +6.00 a -8.00 / Cil. até -6.00 | Add. 0.75 a 3.50 / Diâm. 80 mm;R$ 2.159,84;R$ 2.239,84;R$ 2.559,84;R$ 2.639,84;R$ 3.039,84;R$ 3.119,84;
Lentes Surfaçadas;Haytek Drive;SO59DY;Haytek Drive Freeform 1.59 Poli Fotossensível;1.59;Esf. +6.00 a -8.00 / Cil. até -6.00 | Add. 0.75 a 3.50 / Diâm. 80 mm;R$ 2.663,84;R$ 2.743,84;R$ 3.063,84;R$ 3.143,84;R$ 3.543,84;R$ 3.623,84;
Lentes Surfaçadas;Haytek Drive;SO59DD;Haytek Drive Freeform 1.59 Poli Transitions Gen S Cinza;1.59;Esf. +7.00 a -10.00 / Cil. até -6.00 | Add. 1.00 a 3.50 / Diâm. 80 mm;R$ 4.103,84;R$ 4.183,84;R$ 4.503,84;R$ 4.583,84;R$ 4.983,84;R$ 5.063,84;
Lentes Surfaçadas;Haytek Drive;SO59DN;Haytek Drive Freeform 1.59 Poli Transitions Gen S Marrom;1.59;Esf. +7.00 a -10.00 / Cil. até -6.00 | Add. 1.00 a 3.50 / Diâm. 80 mm;R$ 4.103,84;R$ 4.183,84;R$ 4.503,84;R$ 4.583,84;R$ 4.983,84;R$ 5.063,84;
Lentes Surfaçadas;Haytek Drive;SO61DT;Haytek Drive Freeform 1.61;1.61;Esf. +8.00 a -12.00 | Cil. até -8.00 | Add. 0.75 a 3.50 | Diâm. até 80 mm;R$ 2.303,84;R$ 2.383,84;R$ 2.703,84;R$ 2.783,84;R$ 3.183,84;R$ 3.263,84;
Lentes Surfaçadas;Haytek Drive;SO61DY;Haytek Drive Freeform 1.61 Fotossensível;1.61;Esf. +8.00 a -12.00 | Cil. até -8.00 | Add. 0.75 a 3.50 | Diâm. até 80 mm;R$ 3.167,84;R$ 3.247,84;R$ 3.567,84;R$ 3.647,84;R$ 4.047,84;R$ 4.127,84;
Lentes Surfaçadas;Haytek Drive;SO67DT;Haytek Drive Freeform 1.67;1.67;Esf. +9.00 a -12.00 | Cil. até -8.00 | Add. 0.75 a 3.50 | Diâm. até 80 mm;R$ 2.735,84;R$ 2.815,84;R$ 3.135,84;R$ 3.215,84;R$ 3.615,84;R$ 3.695,84;
Lentes Surfaçadas;Haytek Drive;SO67DK;Haytek Drive Freeform 1.67 Filtro Azul;1.67;Esf. +9.00 a -12.00 | Cil. até -8.00 | Add. 0.75 a 3.50 | Diâm. até 80 mm;R$ 3.095,84;R$ 3.175,84;R$ 3.495,84;R$ 3.575,84;R$ 3.975,84;R$ 4.055,84;
Lentes Surfaçadas;Haytek Drive;SO67DY;Haytek Drive Freeform 1.67 Fotossensível;1.67;Esf. +9.00 a -12.00 | Cil. até -8.00 | Add. 0.75 a 3.50 | Diâm. até 80 mm;R$ 3.599,84;R$ 3.679,84;R$ 3.999,84;R$ 4.079,84;R$ 4.479,84;R$ 4.559,84;
Lentes Surfaçadas;Haytek Drive;SO67DD;Haytek Drive Freeform 1.67 Transitions Gen S Cinza;1.67;Esf. +9.00 a -11.00 / Cil. até -6.00 | Add. 1.00 a 3.50 / Diâm. 80 mm;R$ 8.639,84;R$ 8.719,84;R$ 9.039,84;R$ 9.119,84;R$ 9.519,84;R$ 9.599,84;
Lentes Surfaçadas;Haytek Drive;SO67DN;Haytek Drive Freeform 1.67 Transitions Gen S Marrom;1.67;Esf. +9.00 a -11.00 / Cil. até -6.00 | Add. 1.00 a 3.50 / Diâm. 80 mm;R$ 8.639,84;R$ 8.719,84;R$ 9.039,84;R$ 9.119,84;R$ 9.519,84;R$ 9.599,84;
Lentes Surfaçadas;Haytek Drive;SO74DK;Haytek Drive Freeform 1.74 Filtro Azul;1.74;Esf. +14.00 a -16.00 | Cil. até -8.00 | Add. 0.75 a 3.50 | Diâm. até 80 mm;R$ 4.463,84;R$ 4.543,84;R$ 4.863,84;R$ 4.943,84;R$ 5.343,84;R$ 5.423,84;
Lentes Surfaçadas;Haytek Drive;SO74DF;Haytek Drive Freeform 1.74 Filtro Azul Fotossensível;1.74;Esf. +14.00 a -16.00 | Cil. até -8.00 | Add. 0.75 a 3.50 | Diâm. até 80 mm;R$ 6.191,84;R$ 6.271,84;R$ 6.591,84;R$ 6.671,84;R$ 7.071,84;R$ 7.151,84;
Lentes Surfaçadas;Haytek Office;SO50OD;Haytek Office Freeform 1.50 Transitions Gen S Cinza;1.50;Esf. +6.00 a -9.00 / Cil. até -6.00 | Add. 1.00 a 3.50 / Diâm. 80 mm;R$ 3.527,84;R$ 3.607,84;R$ 3.927,84;R$ 4.007,84;R$ 4.407,84;R$ 4.487,84;
Lentes Surfaçadas;Haytek Office;SO50ON;Haytek Office Freeform 1.50 Transitions Gen S Marrom;1.50;Esf. +6.00 a -9.00 / Cil. até -6.00 | Add. 1.00 a 3.50 / Diâm. 80 mm;R$ 3.527,84;R$ 3.607,84;R$ 3.927,84;R$ 4.007,84;R$ 4.407,84;R$ 4.487,84;
Lentes Surfaçadas;Haytek Office;SO56OT;Haytek Office Freeform 1.56;1.56;Esf. +6.00 a -6.00 / Cil. até -6.00 | Add. 0.75 a 3.50 / Diâm. 80 mm;R$ 1.223,84;R$ 1.303,84;R$ 1.623,84;R$ 1.703,84;R$ 2.103,84;R$ 2.183,84;
Lentes Surfaçadas;Haytek Office;SO56OK;Haytek Office Freeform 1.56 Filtro Azul;1.56;Esf. +6.00 a -6.00 / Cil. até -6.00 | Add. 0.75 a 3.50 / Diâm. 80 mm;R$ 1.583,84;R$ 1.663,84;R$ 1.983,84;R$ 2.063,84;R$ 2.463,84;R$ 2.543,84;
Lentes Surfaçadas;Haytek Office;SO56OY;Haytek Office Freeform 1.56 Fotossensível;1.56;Esf. +6.00 a -6.00 / Cil. até -6.00 | Add. 0.75 a 3.50 / Diâm. 80 mm;R$ 2.087,84;R$ 2.167,84;R$ 2.487,84;R$ 2.567,84;R$ 2.967,84;R$ 3.047,84;
Lentes Surfaçadas;Haytek Office;SO56OF;Haytek Office Freeform 1.56 Filtro Azul Fotossensível;1.56;Esf. +6.00 a -6.00 / Cil. até -6.00 | Add. 0.75 a 3.50 / Diâm. 80 mm;R$ 2.447,84;R$ 2.527,84;R$ 2.847,84;R$ 2.927,84;R$ 3.327,84;R$ 3.407,84;
Lentes Surfaçadas;Haytek Office;SO59OT;Haytek Office Freeform 1.59 Poli;1.59;Esf. +6.00 a -8.00 / Cil. até -6.00 | Add. 0.75 a 3.50 / Diâm. 80 mm;R$ 1.799,84;R$ 1.879,84;R$ 2.199,84;R$ 2.279,84;R$ 2.679,84;R$ 2.759,84;
Lentes Surfaçadas;Haytek Office;SO59OK;Haytek Office Freeform 1.59 Poli Filtro Azul;1.59;Esf. +6.00 a -8.00 / Cil. até -6.00 | Add. 0.75 a 3.50 / Diâm. 80 mm;R$ 2.159,84;R$ 2.239,84;R$ 2.559,84;R$ 2.639,84;R$ 3.039,84;R$ 3.119,84;
Lentes Surfaçadas;Haytek Office;SO59OY;Haytek Office Freeform 1.59 Poli Fotossensível;1.59;Esf. +6.00 a -8.00 / Cil. até -6.00 | Add. 0.75 a 3.50 / Diâm. 80 mm;R$ 2.663,84;R$ 2.743,84;R$ 3.063,84;R$ 3.143,84;R$ 3.543,84;R$ 3.623,84;
Lentes Surfaçadas;Haytek Office;SO59OD;Haytek Office Freeform 1.59 Poli Transitions Gen S Cinza;1.59;Esf. +7.00 a -10.00 / Cil. até -6.00 | Add. 1.00 a 3.50 / Diâm. 80 mm;R$ 4.103,84;R$ 4.183,84;R$ 4.503,84;R$ 4.583,84;R$ 4.983,84;R$ 5.063,84;
Lentes Surfaçadas;Haytek Office;SO59ON;Haytek Office Freeform 1.59 Poli Transitions Gen S Marrom;1.59;Esf. +7.00 a -10.00 / Cil. até -6.00 | Add. 1.00 a 3.50 / Diâm. 80 mm;R$ 4.103,84;R$ 4.183,84;R$ 4.503,84;R$ 4.583,84;R$ 4.983,84;R$ 5.063,84;
Lentes Surfaçadas;Haytek Office;SO61OT;Haytek Office Freeform 1.61;1.61;Esf. +8.00 a -12.00 | Cil. até -8.00 | Add. 0.75 a 3.50 | Diâm. até 80 mm;R$ 2.303,84;R$ 2.383,84;R$ 2.703,84;R$ 2.783,84;R$ 3.183,84;R$ 3.263,84;
Lentes Surfaçadas;Haytek Office;SO61OY;Haytek Office Freeform 1.61 Fotossensível;1.61;Esf. +8.00 a -12.00 | Cil. até -8.00 | Add. 0.75 a 3.50 | Diâm. até 80 mm;R$ 3.167,84;R$ 3.247,84;R$ 3.567,84;R$ 3.647,84;R$ 4.047,84;R$ 4.127,84;
Lentes Surfaçadas;Haytek Office;SO67OT;Haytek Office Freeform 1.67;1.67;Esf. +9.00 a -12.00 | Cil. até -8.00 | Add. 0.75 a 3.50 | Diâm. até 80 mm;R$ 2.735,84;R$ 2.815,84;R$ 3.135,84;R$ 3.215,84;R$ 3.615,84;R$ 3.695,84;
Lentes Surfaçadas;Haytek Office;SO67OK;Haytek Office Freeform 1.67 Filtro Azul;1.67;Esf. +9.00 a -12.00 | Cil. até -8.00 | Add. 0.75 a 3.50 | Diâm. até 80 mm;R$ 3.095,84;R$ 3.175,84;R$ 3.495,84;R$ 3.575,84;R$ 3.975,84;R$ 4.055,84;
Lentes Surfaçadas;Haytek Office;SO67OY;Haytek Office Freeform 1.67 Fotossensível;1.67;Esf. +9.00 a -12.00 | Cil. até -8.00 | Add. 0.75 a 3.50 | Diâm. até 80 mm;R$ 3.599,84;R$ 3.679,84;R$ 3.999,84;R$ 4.079,84;R$ 4.479,84;R$ 4.559,84;
Lentes Surfaçadas;Haytek Office;SO67OD;Haytek Office Freeform 1.67 Transitions Gen S Cinza;1.67;Esf. +9.00 a -11.00 / Cil. até -6.00 | Add. 1.00 a 3.50 / Diâm. 80 mm;R$ 8.639,84;R$ 8.719,84;R$ 9.039,84;R$ 9.119,84;R$ 9.519,84;R$ 9.599,84;
Lentes Surfaçadas;Haytek Office;SO67ON;Haytek Office Freeform 1.67 Transitions Gen S Marrom;1.67;Esf. +9.00 a -11.00 / Cil. até -6.00 | Add. 1.00 a 3.50 / Diâm. 80 mm;R$ 8.639,84;R$ 8.719,84;R$ 9.039,84;R$ 9.119,84;R$ 9.519,84;R$ 9.599,84;
Lentes Surfaçadas;Haytek Office;SO74OK;Haytek Office Freeform 1.74 Filtro Azul;1.74;Esf. +14.00 a -16.00 | Cil. até -8.00 | Add. 0.75 a 3.50 | Diâm. até 80 mm;R$ 4.463,84;R$ 4.543,84;R$ 4.863,84;R$ 4.943,84;R$ 5.343,84;R$ 5.423,84;
Lentes Surfaçadas;Haytek Office;SO74OF;Haytek Office Freeform 1.74 Filtro Azul Fotossensível;1.74;Esf. +14.00 a -16.00 | Cil. até -8.00 | Add. 0.75 a 3.50 | Diâm. até 80 mm;R$ 6.191,84;R$ 6.271,84;R$ 6.591,84;R$ 6.671,84;R$ 7.071,84;R$ 7.151,84;
Lentes Surfaçadas;Haytek Easy;SE50ED;Haytek Easy Freeform 1.50 Transitions Gen S Cinza;1.50;Esf. +6.00 a -9.00 / Cil. até -6.00 | Add. 0.50 a 1.25 / Diâm. 80 mm;R$ 3.527,84;R$ 3.607,84;R$ 3.927,84;R$ 4.007,84;R$ 4.407,84;R$ 4.487,84;
Lentes Surfaçadas;Haytek Easy;SE50EN;Haytek Easy Freeform 1.50 Transitions Gen S Marrom;1.50;Esf. +6.00 a -9.00 / Cil. até -6.00 | Add. 0.50 a 1.25 / Diâm. 80 mm;R$ 3.527,84;R$ 3.607,84;R$ 3.927,84;R$ 4.007,84;R$ 4.407,84;R$ 4.487,84;
Lentes Surfaçadas;Haytek Easy;SE56ET;Haytek Easy Freeform 1.56;1.56;Esf. +8.00 a -6.00 / Cil. até -6.00 | Add. 0.50 a 1.25 / Diâm. 80 mm;R$ 1.223,84;R$ 1.303,84;R$ 1.623,84;R$ 1.703,84;R$ 2.103,84;R$ 2.183,84;
Lentes Surfaçadas;Haytek Easy;SE56EK;Haytek Easy Freeform 1.56 Filtro Azul;1.56;Esf. +8.00 a -6.00 / Cil. até -6.00 | Add. 0.50 a 1.25 / Diâm. 80 mm;R$ 1.583,84;R$ 1.663,84;R$ 1.983,84;R$ 2.063,84;R$ 2.463,84;R$ 2.543,84;
Lentes Surfaçadas;Haytek Easy;SE56EY;Haytek Easy Freeform 1.56 Fotossensível;1.56;Esf. +8.00 a -6.00 / Cil. até -6.00 | Add. 0.50 a 1.25 / Diâm. 80 mm;R$ 2.087,84;R$ 2.167,84;R$ 2.487,84;R$ 2.567,84;R$ 2.967,84;R$ 3.047,84;
Lentes Surfaçadas;Haytek Easy;SE56EF;Haytek Easy Freeform 1.56 Filtro Azul Fotossensível;1.56;Esf. +8.00 a -6.00 / Cil. até -6.00 | Add. 0.50 a 1.25 / Diâm. 80 mm;R$ 2.447,84;R$ 2.527,84;R$ 2.847,84;R$ 2.927,84;R$ 3.327,84;R$ 3.407,84;
Lentes Surfaçadas;Haytek Easy;SE59ET;Haytek Easy Freeform 1.59 Poli;1.59;Esf. +9.00 a -8.00 / Cil. até -6.00 | Add. 0.50 a 1.25 / Diâm. 80 mm;R$ 1.799,84;R$ 1.879,84;R$ 2.199,84;R$ 2.279,84;R$ 2.679,84;R$ 2.759,84;
Lentes Surfaçadas;Haytek Easy;SE59EK;Haytek Easy Freeform 1.59 Poli Filtro Azul;1.59;Esf. +9.00 a -8.00 / Cil. até -6.00 | Add. 0.50 a 1.25 / Diâm. 80 mm;R$ 2.159,84;R$ 2.239,84;R$ 2.559,84;R$ 2.639,84;R$ 3.039,84;R$ 3.119,84;
Lentes Surfaçadas;Haytek Easy;SE59EY;Haytek Easy Freeform 1.59 Poli Fotossensível;1.59;Esf. +9.00 a -8.00 / Cil. até -6.00 | Add. 0.50 a 1.25 / Diâm. 80 mm;R$ 2.663,84;R$ 2.743,84;R$ 3.063,84;R$ 3.143,84;R$ 3.543,84;R$ 3.623,84;
Lentes Surfaçadas;Haytek Easy;SE59EN;Haytek Easy Freeform 1.59 Poli Transitions Gen S Marrom;1.59;Esf. +7.00 a -10.00 / Cil. até -6.00 | Add. 0.50 a 1.25 / Diâm. 80 mm;R$ 4.103,84;R$ 4.183,84;R$ 4.503,84;R$ 4.583,84;R$ 4.983,84;R$ 5.063,84;
Lentes Surfaçadas;Haytek Easy;SE59ED;Haytek Easy Freeform 1.59 Poli Transitions Gen S Cinza;1.59;Esf. +7.00 a -10.00 / Cil. até -6.00 | Add. 0.50 a 1.25 / Diâm. 80 mm;R$ 4.103,84;R$ 4.183,84;R$ 4.503,84;R$ 4.583,84;R$ 4.983,84;R$ 5.063,84;
Lentes Surfaçadas;Haytek Easy;SE61ET;Haytek Easy Freeform 1.61;1.61;Esf. +9.00 a -6.00 / Cil. até -6.00 | Esf. -6.25 a -8.00 / Cil. até -4.00 | Add. 0.50 a 1.25 / Diâm. 80 mm;R$ 2.303,84;R$ 2.383,84;R$ 2.703,84;R$ 2.783,84;R$ 3.183,84;R$ 3.263,84;
Lentes Surfaçadas;Haytek Easy;SE61EY;Haytek Easy Freeform 1.61 Fotossensível;1.61;Esf. +9.00 a -6.00 / Cil. até -6.00 | Esf. -6.25 a -8.00 / Cil. até -4.00 | Add. 0.50 a 1.25 / Diâm. 80 mm;R$ 3.167,84;R$ 3.247,84;R$ 3.567,84;R$ 3.647,84;R$ 4.047,84;R$ 4.127,84;
Lentes Surfaçadas;Haytek Easy;SE67ET;Haytek Easy Freeform 1.67;1.67;Esf. +10.00 a -8.50 / Cil. até -6.00 | Esf. -8.75 a -10.00 / Cil. até -4.00 | Add. 0.50 a 1.25 / Diâm. 80 mm;R$ 2.735,84;R$ 2.815,84;R$ 3.135,84;R$ 3.215,84;R$ 3.615,84;R$ 3.695,84;
Lentes Surfaçadas;Haytek Easy;SE67EK;Haytek Easy Freeform 1.67 Filtro Azul;1.67;Esf. +10.00 a -8.50 / Cil. até -6.00 | Esf. -8.75 a -10.00 / Cil. até -4.00 | Add. 0.50 a 1.25 / Diâm. 80 mm;R$ 3.095,84;R$ 3.175,84;R$ 3.495,84;R$ 3.575,84;R$ 3.975,84;R$ 4.055,84;
Lentes Surfaçadas;Haytek Easy;SE67EY;Haytek Easy Freeform 1.67 Fotossensível;1.67;Esf. +10.00 a -8.50 / Cil. até -6.00 | Esf. -8.75 a -10.00 / Cil. até -4.00 | Add. 0.50 a 1.25 / Diâm. 80 mm;R$ 3.599,84;R$ 3.679,84;R$ 3.999,84;R$ 4.079,84;R$ 4.479,84;R$ 4.559,84;
Lentes Surfaçadas;Haytek Easy;SE67ED;Haytek Easy Freeform 1.67 Transitions Gen S Cinza;1.67;Esf. +9.00 a -11.00 / Cil. até -6.00 | Add. 0.50 a 1.25 / Diâm. 80 mm;R$ 8.639,84;R$ 8.719,84;R$ 9.039,84;R$ 9.119,84;R$ 9.519,84;R$ 9.599,84;
Lentes Surfaçadas;Haytek Easy;SE67EN;Haytek Easy Freeform 1.67 Transitions Gen S Marrom;1.67;Esf. +9.00 a -11.00 / Cil. até -6.00 | Add. 0.50 a 1.25 / Diâm. 80 mm;R$ 8.639,84;R$ 8.719,84;R$ 9.039,84;R$ 9.119,84;R$ 9.519,84;R$ 9.599,84;
Lentes Surfaçadas;Haytek Easy;SE74EK;Haytek Easy Freeform 1.74 Filtro Azul;1.74;Esf. +14.00 a -13.00 / Cil. até -6.00 | Esf. -13.25 a -14.00 / Cil. até -4.00 | Add. 0.50 a 1.25 / Diâm. 80 mm;R$ 4.463,84;R$ 4.543,84;R$ 4.863,84;R$ 4.943,84;R$ 5.343,84;R$ 5.423,84;
Lentes Surfaçadas;Haytek Easy;SE74EF;Haytek Easy Freeform 1.74 Filtro Azul Fotossensível;1.74;Esf. +14.00 a -13.00 / Cil. até -6.00 | Esf. -13.25 a -14.00 / Cil. até -4.00 | Add. 0.50 a 1.25 / Diâm. 80 mm;R$ 6.191,84;R$ 6.271,84;R$ 6.591,84;R$ 6.671,84;R$ 7.071,84;R$ 7.151,84;
Lentes Surfaçadas;Haytek Visão Simples ID;SS50ID;Haytek Visao Simples ID Freeform 1.50 Transitions Gen S Cinza;1.50;Esf. +8.00 a -10.00 / Cil. até -6.00 | Diâm. 80 mm;R$ 3.527,84;R$ 3.607,84;R$ 3.927,84;R$ 4.007,84;R$ 4.407,84;R$ 4.487,84;
Lentes Surfaçadas;Haytek Visão Simples ID;SS50IN;Haytek Visao Simples ID Freeform 1.50 Transitions Gen S Marrom;1.50;Esf. +8.00 a -10.00 / Cil. até -6.00 | Diâm. 80 mm;R$ 3.527,84;R$ 3.607,84;R$ 3.927,84;R$ 4.007,84;R$ 4.407,84;R$ 4.487,84;
Lentes Surfaçadas;Haytek Visão Simples ID;SS56IT;Haytek Visão Simples ID Freeform 1.56;1.56;Esf. +10.00 a -10.00 / Cil. até -6.00 | Diâm. 80 mm;R$ 1.223,84;R$ 1.303,84;R$ 1.623,84;R$ 1.703,84;R$ 2.103,84;R$ 2.183,84;
Lentes Surfaçadas;Haytek Visão Simples ID;SS56IK;Haytek Visão Simples ID Freeform 1.56 Filtro Azul;1.56;Esf. +10.00 a -10.00 / Cil. até -6.00 | Diâm. 80 mm;R$ 1.583,84;R$ 1.663,84;R$ 1.983,84;R$ 2.063,84;R$ 2.463,84;R$ 2.543,84;
Lentes Surfaçadas;Haytek Visão Simples ID;SS56IY;Haytek Visão Simples ID Freeform 1.56 Fotossensível;1.56;Esf. +10.00 a -10.00 / Cil. até -6.00 | Diâm. 80 mm;R$ 2.087,84;R$ 2.167,84;R$ 2.487,84;R$ 2.567,84;R$ 2.967,84;R$ 3.047,84;
Lentes Surfaçadas;Haytek Visão Simples ID;SS56IF;Haytek Visão Simples ID Freeform 1.56 Filtro Azul Fotossensível;1.56;Esf. +10.00 a -10.00 / Cil. até -6.00 | Diâm. 80 mm;R$ 2.447,84;R$ 2.527,84;R$ 2.847,84;R$ 2.927,84;R$ 3.327,84;R$ 3.407,84;
Lentes Surfaçadas;Haytek Visão Simples ID;SS59IT;Haytek Visão Simples ID Freeform 1.59 Poli;1.59;Esf. +11.00 a -12.00 / Cil. até -6.00 | Diâm. 80 mm;R$ 1.799,84;R$ 1.879,84;R$ 2.199,84;R$ 2.279,84;R$ 2.679,84;R$ 2.759,84;
Lentes Surfaçadas;Haytek Visão Simples ID;SS59IK;Haytek Visão Simples ID Freeform 1.59 Poli Filtro Azul;1.59;Esf. +11.00 a -12.00 / Cil. até -6.00 | Diâm. 80 mm;R$ 2.159,84;R$ 2.239,84;R$ 2.559,84;R$ 2.639,84;R$ 3.039,84;R$ 3.119,84;
Lentes Surfaçadas;Haytek Visão Simples ID;SS59IY;Haytek Visão Simples ID Freeform 1.59 Poli Fotossensível;1.59;Esf. +11.00 a -12.00 / Cil. até -6.00 | Diâm. 80 mm;R$ 2.663,84;R$ 2.743,84;R$ 3.063,84;R$ 3.143,84;R$ 3.543,84;R$ 3.623,84;
Lentes Surfaçadas;Haytek Visão Simples ID;SS59ID;Haytek Visao Simples ID Freeform 1.59 Poli Transitions Gen S Cinza;1.59;Esf. +9.00 a -12.00 / Cil. até -6.00 | Diâm. 80 mm;R$ 4.103,84;R$ 4.183,84;R$ 4.503,84;R$ 4.583,84;R$ 4.983,84;R$ 5.063,84;
Lentes Surfaçadas;Haytek Visão Simples ID;SS59IN;Haytek Visao Simples ID Freeform 1.59 Poli Transitions Gen S Marrom;1.59;Esf. +9.00 a -12.00 / Cil. até -6.00 | Diâm. 80 mm;R$ 4.103,84;R$ 4.183,84;R$ 4.503,84;R$ 4.583,84;R$ 4.983,84;R$ 5.063,84;
Lentes Surfaçadas;Haytek Visão Simples ID;SS61IT;Haytek Visão Simples ID Freeform 1.61;1.61;Esf. +13.00 a -13.00 | Cil. até -8.00 | Diâm. até 80 mm;R$ 2.303,84;R$ 2.383,84;R$ 2.703,84;R$ 2.783,84;R$ 3.183,84;R$ 3.263,84;
Lentes Surfaçadas;Haytek Visão Simples ID;SS61IY;Haytek Visão Simples ID Freeform 1.61 Fotossensível;1.61;Esf. +13.00 a -13.00 | Cil. até -8.00 | Diâm. até 80 mm;R$ 3.167,84;R$ 3.247,84;R$ 3.567,84;R$ 3.647,84;R$ 4.047,84;R$ 4.127,84;
Lentes Surfaçadas;Haytek Visão Simples ID;SS67IT;Haytek Visão Simples ID Freeform 1.67;1.67;Esf. +14.00 a -13.00 | Cil. até -8.00 | Diâm. até 80 mm;R$ 2.735,84;R$ 2.815,84;R$ 3.135,84;R$ 3.215,84;R$ 3.615,84;R$ 3.695,84;
Lentes Surfaçadas;Haytek Visão Simples ID;SS67IK;Haytek Visão Simples ID Freeform 1.67 Filtro Azul;1.67;Esf. +14.00 a -13.00 | Cil. até -8.00 | Diâm. até 80 mm;R$ 3.095,84;R$ 3.175,84;R$ 3.495,84;R$ 3.575,84;R$ 3.975,84;R$ 4.055,84;
Lentes Surfaçadas;Haytek Visão Simples ID;SS67IY;Haytek Visão Simples ID Freeform 1.67 Fotossensível;1.67;Esf. +14.00 a -13.00 | Cil. até -8.00 | Diâm. até 80 mm;R$ 3.599,84;R$ 3.679,84;R$ 3.999,84;R$ 4.079,84;R$ 4.479,84;R$ 4.559,84;
Lentes Surfaçadas;Haytek Visão Simples ID;SS67ID;Haytek Visao Simples ID Freeform 1.67 Transitions Gen S Cinza;1.67;Esf. +10.00 a -14.00 / Cil. até -6.00 | Diâm. 80 mm;R$ 8.639,84;R$ 8.719,84;R$ 9.039,84;R$ 9.119,84;R$ 9.519,84;R$ 9.599,84;
Lentes Surfaçadas;Haytek Visão Simples ID;SS67IN;Haytek Visao Simples ID Freeform 1.67 Transitions Gen S Marrom;1.67;Esf. +10.00 a -14.00 / Cil. até -6.00 | Diâm. 80 mm;R$ 8.639,84;R$ 8.719,84;R$ 9.039,84;R$ 9.119,84;R$ 9.519,84;R$ 9.599,84;
Lentes Surfaçadas;Haytek Visão Simples ID;SS74IK;Haytek Visão Simples ID Freeform 1.74 Filtro Azul;1.74;Esf. +18.00 a -18.00 | Cil. até -8.00 | Diâm. até 80 mm;R$ 4.463,84;R$ 4.543,84;R$ 4.863,84;R$ 4.943,84;R$ 5.343,84;R$ 5.423,84;
Lentes Surfaçadas;Haytek Visão Simples ID;SS74IF;Haytek Visão Simples ID Freeform 1.74 Filtro Azul Fotossensível;1.74;Esf. +18.00 a -18.00 | Cil. até -8.00 | Diâm. até 80 mm;R$ 6.191,84;R$ 6.271,84;R$ 6.591,84;R$ 6.671,84;R$ 7.071,84;R$ 7.151,84;
Lentes Surfaçadas;Haytek Visão Simples;SS50VD;Haytek Visao Simples Freeform 1.50 Transitions Gen S Cinza;1.50;Esf. +8.00 a -10.00 / Cil. até -6.00 | Diâm. 80 mm;R$ 3.095,84;R$ 3.175,84;R$ 3.495,84;R$ 3.575,84;R$ 3.975,84;R$ 4.055,84;
Lentes Surfaçadas;Haytek Visão Simples;SS50VN;Haytek Visao Simples Freeform 1.50 Transitions Gen S Marrom;1.50;Esf. +8.00 a -10.00 / Cil. até -6.00 | Diâm. 80 mm;R$ 3.095,84;R$ 3.175,84;R$ 3.495,84;R$ 3.575,84;R$ 3.975,84;R$ 4.055,84;
Lentes Surfaçadas;Haytek Visão Simples;SS56VT;Haytek Visão Simples Freeform 1.56;1.56;Esf. +10.00 a -10.00 / Cil. até -6.00 | Diâm. 80 mm;R$ 791,84;R$ 871,84;R$ 1.191,84;R$ 1.271,84;R$ 1.671,84;R$ 1.751,84;
Lentes Surfaçadas;Haytek Visão Simples;SS56VK;Haytek Visão Simples Freeform 1.56 Filtro Azul;1.56;Esf. +10.00 a -10.00 / Cil. até -6.00 | Diâm. 80 mm;R$ 1.151,84;R$ 1.231,84;R$ 1.551,84;R$ 1.631,84;R$ 2.031,84;R$ 2.111,84;
Lentes Surfaçadas;Haytek Visão Simples;SS56VY;Haytek Visão Simples Freeform 1.56 Fotossensível;1.56;Esf. +10.00 a -10.00 / Cil. até -6.00 | Diâm. 80 mm;R$ 1.655,84;R$ 1.735,84;R$ 2.055,84;R$ 2.135,84;R$ 2.535,84;R$ 2.615,84;
Lentes Surfaçadas;Haytek Visão Simples;SS56VF;Haytek Visão Simples Freeform 1.56 Filtro Azul Fotossensível;1.56;Esf. +10.00 a -10.00 / Cil. até -6.00 | Diâm. 80 mm;R$ 2.015,84;R$ 2.095,84;R$ 2.415,84;R$ 2.495,84;R$ 2.895,84;R$ 2.975,84;
Lentes Surfaçadas;Haytek Visão Simples;SS59VT;Haytek Visão Simples Freeform 1.59 Poli;1.59;Esf. +11.00 a -12.00 / Cil. até -6.00 | Diâm. 80 mm;R$ 1.367,84;R$ 1.447,84;R$ 1.767,84;R$ 1.847,84;R$ 2.247,84;R$ 2.327,84;
Lentes Surfaçadas;Haytek Visão Simples;SS59VK;Haytek Visão Simples Freeform 1.59 Poli Filtro Azul;1.59;Esf. +11.00 a -12.00 / Cil. até -6.00 | Diâm. 80 mm;R$ 1.727,84;R$ 1.807,84;R$ 2.127,84;R$ 2.207,84;R$ 2.607,84;R$ 2.687,84;
Lentes Surfaçadas;Haytek Visão Simples;SS59VY;Haytek Visão Simples Freeform 1.59 Poli Fotossensível;1.59;Esf. +11.00 a -12.00 / Cil. até -6.00 | Diâm. 80 mm;R$ 2.231,84;R$ 2.311,84;R$ 2.631,84;R$ 2.711,84;R$ 3.111,84;R$ 3.191,84;
Lentes Surfaçadas;Haytek Visão Simples;SS59VD;Haytek Visao Simples Freeform 1.59 Poli Transitions Gen S Cinza;1.59;Esf. +9.00 a -12.00 / Cil. até -6.00 | Diâm. 80 mm;R$ 3.671,84;R$ 3.751,84;R$ 4.071,84;R$ 4.151,84;R$ 4.551,84;R$ 4.631,84;
Lentes Surfaçadas;Haytek Visão Simples;SS59VN;Haytek Visao Simples Freeform 1.59 Poli Transitions Gen S Marrom;1.59;Esf. +9.00 a -12.00 / Cil. até -6.00 | Diâm. 80 mm;R$ 3.671,84;R$ 3.751,84;R$ 4.071,84;R$ 4.151,84;R$ 4.551,84;R$ 4.631,84;
Lentes Surfaçadas;Haytek Visão Simples;SS61VT;Haytek Visão Simples Freeform 1.61;1.61;Esf. +11.00 a -11.00 | Cil. até -6.00 | Diâm. 80 mm;R$ 1.871,84;R$ 1.951,84;R$ 2.271,84;R$ 2.351,84;R$ 2.751,84;R$ 2.831,84;
Lentes Surfaçadas;Haytek Visão Simples;SS61VY;Haytek Visão Simples Freeform 1.61 Fotossensível;1.61;Esf. +11.00 a -11.00 | Cil. até -6.00 | Diâm. 80 mm;R$ 2.735,84;R$ 2.815,84;R$ 3.135,84;R$ 3.215,84;R$ 3.615,84;R$ 3.695,84;
Lentes Surfaçadas;Haytek Visão Simples;SS67VT;Haytek Visão Simples Freeform 1.67;1.67;Esf. +12.00 a -13.00 | Cil. até -6.00 | Diâm. 80 mm;R$ 2.303,84;R$ 2.383,84;R$ 2.703,84;R$ 2.783,84;R$ 3.183,84;R$ 3.263,84;
Lentes Surfaçadas;Haytek Visão Simples;SS67VK;Haytek Visão Simples Freeform 1.67 Filtro Azul;1.67;Esf. +12.00 a -13.00 | Cil. até -6.00 | Diâm. 80 mm;R$ 2.663,84;R$ 2.743,84;R$ 3.063,84;R$ 3.143,84;R$ 3.543,84;R$ 3.623,84;
Lentes Surfaçadas;Haytek Visão Simples;SS67VY;Haytek Visão Simples Freeform 1.67 Fotossensível;1.67;Esf. +12.00 a -13.00 | Cil. até -6.00 | Diâm. 80 mm;R$ 3.167,84;R$ 3.247,84;R$ 3.567,84;R$ 3.647,84;R$ 4.047,84;R$ 4.127,84;
Lentes Surfaçadas;Haytek Visão Simples;SS67VD;Haytek Visao Simples Freeform 1.67 Transitions Gen S Cinza;1.67;Esf. +10.00 a -14.00 / Cil. até -6.00 | Diâm. 80 mm;R$ 8.207,84;R$ 8.287,84;R$ 8.607,84;R$ 8.687,84;R$ 9.087,84;R$ 9.167,84;
Lentes Surfaçadas;Haytek Visão Simples;SS67VN;Haytek Visao Simples Freeform 1.67 Transitions Gen S Marrom;1.67;Esf. +10.00 a -14.00 / Cil. até -6.00 | Diâm. 80 mm;R$ 8.207,84;R$ 8.287,84;R$ 8.607,84;R$ 8.687,84;R$ 9.087,84;R$ 9.167,84;
Lentes Surfaçadas;Haytek Visão Simples;SS74VK;Haytek Visão Simples Freeform 1.74 Filtro Azul;1.74;Esf. +15.00 a -16.00 | Cil. até -6.00 | Diâm. 80 mm;R$ 4.031,84;R$ 4.111,84;R$ 4.431,84;R$ 4.511,84;R$ 4.911,84;R$ 4.991,84;
Lentes Surfaçadas;Haytek Visão Simples;SS74VF;Haytek Visão Simples Freeform 1.74 Filtro Azul Fotossensível;1.74;Esf. +15.00 a -16.00 | Cil. até -6.00 | Diâm. 80 mm;R$ 5.759,84;R$ 5.839,84;R$ 6.159,84;R$ 6.239,84;R$ 6.639,84;R$ 6.719,84;
Lentes Prontas;Visão Simples Prontas;FS50UC;Lente Haytek Visão Simples Acabada 1.50 Incolor;1.50;$ Esf. 0.00 a -4.00 / Cil. até -2.00 / Diâm. 70 mm | $ Esf. +0.25 a +4.00 / Cil. até -2.00 / Diâm. 65 mm;;;;;;;R$ 84,80
Lentes Prontas;Visão Simples Prontas;FS50EA;Lente Haytek Visão Simples Acabada 1.50 com Antirreflexo Residual Verde;1.50;$ Esf. 0.00 a -4.00 / Cil. até -4.00 / Diâm. 70 mm | $ Esf. +0.25 a +4.00 / Cil. até -4.00 / Diâm. 65 mm;;;;;;;R$ 97,92
Lentes Prontas;Visão Simples Prontas;FS56EA;Haytek Visão Simples Acabada 1.56 com Antirreflexo Residual Verde;1.56;$ Esf. 0.00 a -6.00 / Cil. 0.00 a -2.00 / Diâm. 72 mm | $ Esf. +0.25 a +6.00 / Cil. até -4.00 / Diâm. 65 mm | $ Esf. 0.00 a -6.00 / Cil. -2.25 a -4.00 / Diâm. 70 mm;;;;;;;R$ 97,92
Lentes Prontas;Visão Simples Prontas;FS56EB;Haytek Visão Simples Acabada 1.56 Filtro Azul com Antirreflexo Residual Verde;1.56;$ Esf. 0.00 a -6.00 / Cil. até -4.00 / Diâm. 70 mm | $ Esf. +0.25 a +6.00 / Cil. até -4.00 / Diâm. 65 mm;;;;;;;R$ 107,52
Lentes Prontas;Visão Simples Prontas;FS56XB;Haytek Visão Simples Acabada 1.56 Super Cilindro Filtro Azul com Antirreflexo Residual Verde;1.56;$$ Esf. 0.00 a -6.00 / Cil. 4.25 a -6.00 / Diâm. 70 mm;;;;;;;R$ 430,40
Lentes Prontas;Visão Simples Prontas;FS56BB;Haytek Visão Simples Acabada 1.56 Filtro Azul com Antirreflexo Residual Azul;1.56;$ Esf. 0.00 a -4.00 / Cil. até -4.00 / Diâm. 70 mm | $ Esf. +0.25 a +4.00 / Cil. até -4.00 / Diâm. 65 mm;;;;;;;R$ 107,52
Lentes Prontas;Visão Simples Prontas;FS56EP;Haytek Visão Simples Acabada 1.56 Fotossensível com Antirreflexo Residual Verde;1.56;Esf. / Cil. / Diâm. | $ Esf. 0.00 a -4.00 / Cil. até -4.00 / Diâm. 70 mm | $ Esf. +0.25 a +4.00 / Cil. até -4.00 / Diâm. 65 mm;;;;;;;R$ 231,20
Lentes Prontas;Visão Simples Prontas;FS56PB;Haytek Visão Simples Acabada 1.56 Filtro Azul Fotossensível com Antirreflexo Residual Azul;1.56;$ Esf. 0.00 a -4.00 / Cil. até -4.00 / Diâm. 70 mm | $ Esf. +0.25 a +4.00 / Cil. até -4.00 / Diâm. 65 mm;;;;;;;R$ 315,20
Lentes Prontas;Visão Simples Prontas;FS59AH;Haytek Visão Simples Acabada 1.59 Poli Antirrisco Tingível;1.59;$ Esf. 0.00 a -6.00 / Cil. até -2.00 / Diâm. 70 mm | $ Esf. +0.25 a +6.00 / Cil. até -2.00 / Diâm. 65 mm | $$ Esf. 0.00 a -6.00 / Cil. -2.25 até -4.00 / Diâm. 70 mm | $$ Esf. +0.25 a +6.00 / Cil. -2.25 até -4.00 / Diâm. 65 mm;;;;;;;R$ 11,30 | R$ 26,90
Lentes Prontas;Visão Simples Prontas;FS59AA;Haytek Visão Simples Acabada 1.59 Poli com Antirreflexo Residual Verde;1.59;$ Esf. 0.00 a -6.00 / Cil. até -2.00 / Diâm. 70 mm | Esf. +0.25 a +6.00 / Cil. até -2.00 / Diâm. 65 mm | $$ Esf. 0.00 a -6.00 / Cil. -2.25 até -4.00 / Diâm. 70 mm | $$ Esf. +0.25 a +6.00 / Cil. -2.25 até -4.00 / Diâm. 65 mm;;;;;;;R$ 12,30 | R$ 28,40
Lentes Prontas;Visão Simples Prontas;FS59EB;Haytek Visão Simples Acabada 1.59 Poli Filtro Azul com Antirreflexo Residual Verde;1.59;$ Esf. 0.00 a -6.00 / Cil. até -2.00 / Diâm. 70 mm | $ Esf. +0.25 a +6.00 / Cil. até -2.00 / Diâm. 65 mm | $$ Esf. 0.00 a -6.00 / Cil. -2.25 até -4.00 / Diâm. 70 mm | $$ Esf. +0.25 a +6.00 / Cil. -2.25 até -4.00 / Diâm. 65 mm;;;;;;;R$ 20,36 | R$ 34,66
Lentes Prontas;Visão Simples Prontas;FS59BB;Haytek Visão Simples Acabada 1.59 Poli Filtro Azul com Antirreflexo Residual Azul;1.59;$ Esf. 0.00 a -6.00 / Cil. até -2.00 / Diâm. 70 mm | $ Esf. +0.25 a +6.00 / Cil. até -2.00 / Diâm. 65 mm | $$ Esf. 0.00 a -6.00 / Cil. -2.25 até -4.00 / Diâm. 70 mm | $$ Esf. +0.25 a +6.00 / Cil. -2.25 até -4.00 / Diâm. 65 mm;;;;;;;R$ 20,36 | R$ 34,66
Lentes Prontas;Visão Simples Prontas;FS59EP;Haytek Visão Simples Acabada 1.59 Poli Fotossensível com Antirreflexo Residual Verde;1.59;$ Esf. 0.00 a -4.00 / Cil. até -2.00 / Diâm. 70 mm | $ Esf. +0.25 a +4.00 / Cil. até -2.00 / Diâm. 65 mm | $$ Esf. 0.00 a -4.00 / Cil. -2.25 até -4.00 / Diâm. 70 mm | $$ Esf. +0.25 a +4.00 / Cil. -2.25 até -4.00 / Diâm. 65 mm;;;;;;;R$ 63,68 | R$ 99,90
Lentes Prontas;Visão Simples Prontas;FS59PB;Haytek Visão Simples Acabada 1.59 Poli Filtro Azul Fotossensível com Antirreflexo Residual Azul;1.59;$ Esf. 0.00 a -4.00 / Cil. até -2.00 / Diâm. 70 mm | $ Esf. +0.25 a +4.00 / Cil. até -2.00 / Diâm. 65 mm | $$ Esf. 0.00 a -4.00 / Cil. -2.25 até -4.00 / Diâm. 70 mm | $$ Esf. +0.25 a +4.00 / Cil. -2.25 até -4.00 / Diâm. 65 mm;;;;;;;R$ 119,90 | R$ 189,90
Lentes Prontas;Visão Simples Prontas;FS61EA;Haytek Visão Simples Acabada 1.61 com Antirreflexo Residual Verde;1.61;$ Esf. 0.00 a -6.00 / Cil. até -4.00 / Diâm. 75 mm | $ Esf. +0.25 a +2.00 / Cil. até -4.00 / Diâm. 70 mm | $ Esf. +2.25 a +4.00 / Cil. até -4.00 / Diâm. 65 mm;;;;;;;R$ 255,20
Lentes Prontas;Visão Simples Prontas;FS61BB;Haytek Visão Simples Acabada 1.61 Filtro Azul com Antirreflexo Residual Azul;1.61;$ Esf. 0.00 a -6.00 / Cil. até -4.00 / Diâm. 75 mm | $ Esf. +0.25 a +2.00 / Cil. até -4.00 / Diâm. 70 mm | $ Esf. +2.25 a +4.00 / Cil. até -4.00 / Diâm. 65 mm;;;;;;;R$ 479,20
Lentes Prontas;Visão Simples Prontas;FS67AA;Haytek Visão Simples Acabada 1.67 Asférica com Antirreflexo Residual Verde;1.67;$ Esf. 0.00 a -6.00 / Cil. até -4.00 / Diâm. 75 mm | $ Esf. -6.25 a -8.00 / Cil. até -4.00 / Diâm. 70 mm | $ Esf. -8.25 a -10.00 / Cil. até -3.00 / Diâm. 70 mm | $ Esf. +0.25 a +2.00. / Cil. até -4.00 / Diâm. 70 mm | Esf. +2.25 a +6.00 / Cil. até -4.00 / Diâm. 65 mm;;;;;;;R$ 427,20
Lentes Prontas;Visão Simples Prontas;FS67AB;Haytek Visão Simples Acabada 1.67 Asférica Filtro Azul com Antirreflexo Super-hidrofóbico Residual Verde;1.67;$ Esf. 0.00 a -6.00 / Cil. até -4.00 / Diâm. 75 mm | $ Esf. -6.25 a -8.00 / Cil. até -4.00 / Diâm. 70 mm | $ Esf. -8.25 a -10.00 / Cil. até -3.00 / Diâm. 70 mm | $ Esf. +0.25 a +2.00 / Cil. até -4.00 / Diâm. 70 mm | $ Esf. +2.25 a +6.00 / Cil. até -4.00 / Diâm. 65 mm;;;;;;;R$ 495,20
Lentes Prontas;Visão Simples Prontas;FS67CB;Haytek Visão Simples Acabada 1.67 Asférica Filtro Azul com Antirreflexo Super-hidrofóbico Residual Azul;1.67;$ Esf. 0.00 a -6.00 / Cil. até -4.00 / Diâm. 75 mm | $ Esf. -6.25 a -8.00 / Cil. até -4.00 / Diâm. 70 mm | $ Esf. -8.25 a -10.00 / Cil. até -3.00 / Diâm. 70 mm | $ Esf. +0.25 a +2.00 / Cil. até -4.00 / Diâm. 70 mm | $ Esf. +2.25 a +6.00 / Cil. até -4.00 / Diâm. 65 mm;;;;;;;R$ 495,20
Lentes Prontas;Visão Simples Prontas;FS67AP;Haytek Visão Simples Acabada 1.67 Asférica Fotossensível com Antirreflexo Super-hidrofóbico Residual Verde;1.67;$ Esf. 0.00 a -6.00 / Cil. até -4.00 / Diâm. 75 mm | $ Esf. -6.25 a -8.00 / Cil. até -4.00 / Diâm. 70 mm | $ Esf. -8.25 a -10.00 / Cil. até -3.00 / Diâm. 70 mm | $ Esf. +0.25 a +2.00 / Cil. até -4.00 / Diâm. 70 mm | $ Esf. +2.25 a +6.00 / Cil. até -4.00 / Diâm. 65 mm;;;;;;;R$ 743,20
Lentes Prontas;Visão Simples Prontas;FS67AF;Haytek Visão Simples Acabada 1.67 Asférica Filtro Azul Fotossensível com Antirreflexo Residual Azul;1.67;Esf. 0.00 a -6.00 / Cil. até -4.00 / Diam. 75 mm | Esf. -6.25 a -8.00 / Cil. até -4.00 / Diam. 70 mm | Esf. -8.25 a -10.00 / Cil. até -3.00 / Diam. 70 mm | Esf. +0.25 a +2.00 / Cil. até -4.00 / Diam. 70 mm | Esf. +2.25 a +6.00 / Cil. até -4.00 / Diam. 65 mm;;;;;;;R$ 1.039,20
Lentes Prontas;Visão Simples Prontas;FS74AB;Haytek VS Acabada 1.74 Asf. Filtro Azul AR Super-Hidrofóbico Verde;1.74;$ Esf. -1.00 a -6.00 / Cil. até -3.00 / Diâm. 75 mm | $ Esf. -10.25 a -13.00 / Cil. até -2.00 / Diâm. 65 mm | $ Esf. -13.25 a -15.00 / Cil. 0.00 / Diâm. 65 mm | Esf. -6.25 a -10.00 / Cil. até -3.00 / Diâm. 70 mm;;;;;;;R$ 1.679,20
Lentes Prontas;Progressivas Prontas;FP56EA;Haytek Progressiva Acabada 1.56 com Antirreflexo Residual Verde;1.56;Esf: 0.00 a +3.00 / Add: 1.00 a 3.50 / Diâm. 70 mm;;;;;;;R$ 180,00
Lentes Prontas;Progressivas Prontas;FP56EB;Haytek Progressiva Acabada 1.56 Filtro Azul com Antirreflexo Residual Verde;1.56;Esf: 0.00 a +3.00 / Add: 1.00 a 3.50 / Diâm. 70 mm;;;;;;;R$ 259,68
Lentes Prontas;Progressivas Prontas;FP56BB;Lente Haytek Progressiva Acabada 1.56 Filtro Azul Antirreflexo Residual Azul;1.56;Esf: 0.00 a +3.00 / Add: 1.00 a 3.50 / Diâm. 70 mm;;;;;;;R$ 399,20
Lentes Prontas;Progressivas Prontas;FP56EP;Haytek Progressiva Acabada 1.56 Fotossensível com Antirreflexo Residual Verde;1.56;Esf: 0.00 a +3.00 / Add: 1.00 a 3.50 / Diâm. 70 mm;;;;;;;R$ 279,20
Lentes Prontas;Progressivas Prontas;FP56PB;Lente Haytek Progressiva Acabada 1.56 Fotossensivel Filtro Azul Antirreflexo Residual Azul;1.56;Esf: 0.00 a +3.00 / Add: 1.00 a 3.50 / Diâm. 70 mm;;;;;;;R$ 479,20
Lentes Prontas;Coloridas Prontas;FS50CT;Lente Haytek Visão Simples Acabada 1.50 Solar Total;1.50;Base: 4.00 / 6.00;;;;;;;R$ 140,00
Lentes Prontas;Coloridas Prontas;FS50CD;Lente Haytek Visão Simples Acabada 1.50 Solar Degradê;1.50;Base: 4.00 / 6.00;;;;;;;R$ 152,00
Lentes Prontas;Blocos Progressivos;BP56F0;Haytek Progress 1.56 com Antirrisco;1.56;$ Esf. / Cil. / Diâm. 75 mm | 2.00 / 4.00 / 6.00 / 8.00;;;;;;;R$ 256,00
Lentes Prontas;Blocos Progressivos;BP56G0;Haytek Progress 1.56 com Antirreflexo Externo Residual Verde;1.56;2.00 / 4.00 / 6.00 / 8.00;;;;;;;R$ 427,20
Lentes Prontas;Blocos Progressivos;BP56GB;Haytek Progress 1.56 Filtro Azul com Antirreflexo Externo Residual Azul;1.56;2.00 / 4.00 / 6.00 / 8.00;;;;;;;R$ 452,80
Lentes Prontas;Blocos Progressivos;BP56CP;Haytek Progress 1.56 Fotossensível Antirrisco;1.56;2.00 / 4.00 / 6.00 / 8.00;;;;;;;R$ 460,80
Lentes Prontas;Blocos Progressivos;BP56GP;Haytek Progress 1.56 Fotossensível com Antirreflexo Externo Residual Verde;1.56;2.00 / 4.00 / 6.00 / 8.00;;;;;;;R$ 478,40
Lentes Prontas;Blocos Progressivos;BP56GU;Haytek Progress 1.56 Filtro Azul Fotossensível Antirreflexo Externo Residual Azul;1.56;2.00 / 4.00 / 6.00 / 8.00;;;;;;;R$ 683,20
Lentes Prontas;Blocos Visão Simples;BS56U0;Bloco Visão Simples 1.56;1.56;0.00 / 1.00 / 2.00 / 3.00 / 4.00 / 5.00 | 6.00 / 7.00 / 8.00 / 9.00 / 10.00;;;;;;;R$ 248,00
Lentes Prontas;Blocos Visão Simples;BS56A0;Bloco Haytek Visão Simples 1.56 Antirreflexo Externo Residual Verde;1.56;2.00 / 4.00 / 6.00 / 8.00;;;;;;;R$ 136,00
Lentes Prontas;Blocos Visão Simples;BS56UB;Bloco Haytek Visão Simples 1.56 Filtro Azul;1.56;0.00 / 1.00 / 2.00 / 3.00 / 4.00 / 5.00 | 6.00 / 7.00 / 8.00 / 9.00 / 10.00;;;;;;;R$ 368,00
Lentes Prontas;Blocos Visão Simples;BS56UP;Bloco Haytek Visão Simples 1.56 Fotossensível;1.56;0.00 / 1.00 / 2.00 / 3.00 / 4.00 / 5.00 | 6.00 / 7.00 / 8.00 / 9.00 / 10.00;;;;;;;R$ 598,40
Lentes Prontas;Blocos Visão Simples;BS56UF;Bloco Haytek Visão Simples 1.56 Filtro Azul Fotossensível;1.56;0.00 / 1.00 / 2.00 / 3.00 / 4.00 / 5.00 | 6.00 / 7.00 / 8.00 / 9.00 / 10.00;;;;;;;R$ 683,20
Lentes Prontas;Blocos Visão Simples;BS59H0;Bloco Haytek Visão Simples 1.59 Poli com Antirrisco;1.59;0.50 / 1.00 / 2.00 / 3.00 / 4.00 / 5.25 | 6.50 / 7.50 / 8.50 / 9.50;;;;;;;R$ 273,76
Lentes Prontas;Blocos Visão Simples;BS59HB;Bloco Haytek Visão Simples 1.59 Poli Filtro Azul com Antirrisco;1.59;0.50 / 1.00 / 2.00 / 3.00 / 4.00 / 5.25 | 6.50 / 7.50 / 8.50 / 9.50;;;;;;;R$ 547,36
Lentes Prontas;Blocos Visão Simples;BS59HP;Bloco Visão Simples 1.59 Poli Fotossensível Antirrisco;1.59;0.50 / 1.00 / 2.00 / 3.00 / 4.00 / 5.25 | 6.50 / 7.50 / 8.50 / 9.50;;;;;;;R$ 854,40
Lentes Prontas;Blocos Visão Simples;BS61U0;Bloco Haytek Visão Simples 1.61;1.61;0.00 / 1.00 / 2.00 / 3.00 / 4.00 / 5.00 | 6.00 / 7.00 / 8.00 / 9.00 / 10.00;;;;;;;R$ 683,20
Lentes Prontas;Blocos Visão Simples;BS61UP;Bloco Haytek Visão Simples 1.61 Fotossensível;1.61;0.00 / 1.00 / 2.00 / 3.00 / 4.00 / 5.00 | 6.00 / 7.00 / 8.00 / 9.00 / 10.00;;;;;;;R$ 1.625,60
Lentes Prontas;Blocos Visão Simples;BS67U0;Bloco Haytek Visão Simples 1.67;1.67;0.00 / 1.00 / 2.00 / 3.00 / 4.00 / 5.00 | 6.00 / 7.00 / 8.00 / 9.00 / 10.00;;;;;;;R$ 1.196,80
Lentes Prontas;Blocos Visão Simples;BS67UB;Bloco Haytek Visão Simples 1.67 Filtro Azul;1.67;0.00 / 1.00 / 2.00 / 3.00 / 4.00 / 5.00 | 6.00 / 7.00 / 8.00 / 9.00 / 10.00;;;;;;;R$ 1.283,20
Lentes Prontas;Blocos Visão Simples;BS67UP;Bloco Haytek Visão Simples 1.67 Fotossensível;1.67;0.00 / 1.00 / 2.00 / 3.00 / 4.00 / 5.00 | 6.00 / 7.00 / 8.00 / 9.00 / 10.00;;;;;;;R$ 1.625,60
Lentes Prontas;Blocos Visão Simples;BS74UB;Bloco Haytek Visão Simples 1.74 Filtro Azul;1.74;0.50 / 1.50 / 2.25 / 3.50 / 5.00 / 6.75 / 8.50 / 10.25 / 11.50 / 12.50;;;;;;;R$ 2.737,60
Lentes Prontas;Blocos Visão Simples;BS74UX;Bloco Haytek Visão Simples 1.74 Espessura Extra;1.74;0.50;;;;;;;R$ 3.080,00
Lentes Prontas;Blocos Visão Simples;BS74UF;Bloco Haytek Visão Simples 1.74 Filtro Azul Fotossensível;1.74;0.50 / 1.50 / 2.25 / 3.50 / 5.00 / 6.75 / 8.50 / 10.25 / 11.50 / 12.50 / 13.50 / 14.50 / 15.50;;;;;;;R$ 3.679,20
Lentes Prontas;Blocos Visão Simples;BS74UT;Bloco Haytek Visão Simples 1.74 Filtro Azul Fotossensível Espessura Extra;1.74;0.50;;;;;;;R$ 3.919,20
Outros Produtos;Outros Produtos;UT000201;Lanterna de Luz Azul (teste de Filtro Azul);;;;;;;;;R$ 224,00
Outros Produtos;Outros Produtos;UT000101;Box de Coloração Haytek;;;;;;;;;R$ 3.992,00
